Workbook

Sheet 안내
A1: 토스증권 자동매매 — 신고가 돌파 전략 백테스트 매매내역
A2: 생성일: 2026-09-28 / 기간: 2024-01-01 ~ 2026-09-23 / 생성 스크립트: scripts/make_breakout_report.py
A4: 전략 규칙
A5: 매수: 종가 기준 20일 신고가 (종가 > 직전 20거래일 최고 종가)
A6: + 한 달 내 첫 신고가 (직전 20거래일 동안 20일 신고가가 없었음)
A7: + 당일 거래대금 200억원 이상, 직전 20일 평균 거래대금 30억원 이상
A8: + 종가 10만원 이하, 상한가(+29.5% 이상) 마감 제외, 코스피·코스닥 보통주
A9: → 신고가 날 종가에 매수 (실전: 15:10~15:20). 신호가 많으면 당일 거래대금 큰 순서, 최대 10종목 x 10만원
A10: 매도: 손절 -4.7% (장중 저가가 닿으면 손절가, 갭하락이면 시가) / 익절 +20% (고가가 닿으면 익절가, 갭상승이면 시가)
A11: 같은 날 손절가·익절가 모두 닿으면 손절로 가정 (보수적). 보유기간 제한·시장 필터 없음
A13: 가정
A14: 데이터: FinanceData/marcap (KRX 전 종목 일별, 상장폐지 포함), 무상증자·분할·병합은 KRX 기준가로 수정주가 변환
... A32: 주의: 과거 백테스트 결과이며 미래 수익을 보장하지 않습니다. 일봉 기준이라 장중 체결 순서는 가정입니다.

Sheet 연도별요약
A1: 연도별 요약
A2: 검은 글씨 = 거래내역 시트를 참조하는 수식 / 파란 글씨 = 백테스트 엔진 계산값 (연말 미청산 평가 포함)
A4: 연도 | B4: 매수 | C4: 익절 | D4: 손절 | E4: 보유중 | F4: 승률 | G4: 실현손익(원) | H4: 평균 수익률(청산) | I4: 평균 보유일 | J4: 평균 최고수익률 | K4: 수익률(엔진) | L4: MDD(엔진) | M4: 연말 자산(엔진)
A5: 2024 | B5: =COUNTIFS(거래내역!$A$2:$A$896,2024) -> 334 | C5: =COUNTIFS(거래내역!$A$2:$A$896,2024,거래내역!$L$2:$L$896,"익절") -> 68 | D5: =COUNTIFS(거래내역!$A$2:$A$896,2024,거래내역!$L$2:$L$896,"손절") -> 257 | E5: =COUNTIFS(거래내역!$A$2:$A$896,2024,거래내역!$L$2:$L$896,"보유중") -> 9 | F5: =IFERROR(C5/(C5+D5),0) -> 0.20923077 | G5: =SUMIFS(거래내역!$N$2:$N$896,거래내역!$A$2:$A$896,2024,거래내역!$L$2:$L$896,"<>보유중") -> -24273 | H5: =IFERROR(AVERAGEIFS(거래내역!$O$2:$O$896,거래내역!$A$2:$A$896,2024,거래내역!$L$2:$L$896,"<>보유중"),0) -> 0.00038092592 | I5: =IFERROR(AVERAGEIFS(거래내역!$M$2:$M$896,거래내역!$A$2:$A$896,2024,거래내역!$L$2:$L$896,"<>보유중"),0) -> 6.0769231 | J5: =IFERROR(AVERAGEIFS(거래내역!$P$2:$P$896,거래내역!$A$2:$A$896,2024),0) -> 0.18873148 | K5: -0.004432 | L5: -0.190324 | M5: 995568
A6: 2025 | B6: =COUNTIFS(거래내역!$A$2:$A$896,2025) -> 279 | C6: =COUNTIFS(거래내역!$A$2:$A$896,2025,거래내역!$L$2:$L$896,"익절") -> 77 | D6: =COUNTIFS(거래내역!$A$2:$A$896,2025,거래내역!$L$2:$L$896,"손절") -> 192 | E6: =COUNTIFS(거래내역!$A$2:$A$896,2025,거래내역!$L$2:$L$896,"보유중") -> 10 | F6: =IFERROR(C6/(C6+D6),0) -> 0.28624535 | G6: =SUMIFS(거래내역!$N$2:$N$896,거래내역!$A$2:$A$896,2025,거래내역!$L$2:$L$896,"<>보유중") -> 517185 | H6: =IFERROR(AVERAGEIFS(거래내역!$O$2:$O$896,거래내역!$A$2:$A$896,2025,거래내역!$L$2:$L$896,"<>보유중"),0) -> 0.021339783 | I6: =IFERROR(AVERAGEIFS(거래내역!$M$2:$M$896,거래내역!$A$2:$A$896,2025,거래내역!$L$2:$L$896,"<>보유중"),0) -> 6.8289963 | J6: =IFERROR(AVERAGEIFS(거래내역!$P$2:$P$896,거래내역!$A$2:$A$896,2025),0) -> 0.13510086 | K6: 0.544703 | L6: -0.079692 | M6: 1544703
A7: 2026 | B7: =COUNTIFS(거래내역!$A$2:$A$896,2026) -> 282 | C7: =COUNTIFS(거래내역!$A$2:$A$896,2026,거래내역!$L$2:$L$896,"익절") -> 60 | D7: =COUNTIFS(거래내역!$A$2:$A$896,2026,거래내역!$L$2:$L$896,"손절") -> 212 | E7: =COUNTIFS(거래내역!$A$2:$A$896,2026,거래내역!$L$2:$L$896,"보유중") -> 10 | F7: =IFERROR(C7/(C7+D7),0) -> 0.22058824 | G7: =SUMIFS(거래내역!$N$2:$N$896,거래내역!$A$2:$A$896,2026,거래내역!$L$2:$L$896,"<>보유중") -> 48187 | H7: =IFERROR(AVERAGEIFS(거래내역!$O$2:$O$896,거래내역!$A$2:$A$896,2026,거래내역!$L$2:$L$896,"<>보유중"),0) -> 0.002079852 | I7: =IFERROR(AVERAGEIFS(거래내역!$M$2:$M$896,거래내역!$A$2:$A$896,2026,거래내역!$L$2:$L$896,"<>보유중"),0) -> 3.7316176 | J7: =IFERROR(AVERAGEIFS(거래내역!$P$2:$P$896,거래내역!$A$2:$A$896,2026),0) -> 0.094548384 | K7: 0.074987 | L7: -0.229714 | M7: 1074987
A8: 합계 | B8: =SUM(B5:B7) -> 895 | C8: =SUM(C5:C7) -> 205 | D8: =SUM(D5:D7) -> 661 | E8: =SUM(E5:E7) -> 29 | F8: =IFERROR(C8/(C8+D8),0) -> 0.23672055 | G8: =SUM(G5:G7) -> 541099 | H8: =IFERROR(AVERAGEIFS(거래내역!$O$2:$O$896,거래내역!$L$2:$L$896,"<>보유중"),0) -> 0.0074248525 | I8: =IFERROR(AVERAGEIFS(거래내역!$M$2:$M$896,거래내역!$L$2:$L$896,"<>보유중"),0) -> 5.573903 | J8: =IFERROR(AVERAGE(거래내역!$P$2:$P$896),0) -> 0.14233754 | K8: =SUM(K5:K7) -> 0.615258
A10: 승률 = 익절 / (익절 + 손절). 손익·수익률은 수수료 0.015%, 매도세(2024 0.18%·2025 0.15%·2026 0.20% 가정), 슬리피지 0.1% 반영. 보유중 종목은 기간 말 종가 기준 평가손익.

Sheet 월별
A1: 월별 성과 (청산된 거래 기준, 매수월로 집계)
A3: 매수월 | B3: 매수 | C3: 익절 | D3: 손절 | E3: 보유중 | F3: 승률 | G3: 실현손익(원) | H3: 평균 수익률 | I3: 누적 손익(원)
A4: 2024-01 | B4: =COUNTIFS(거래내역!$B$2:$B$896,A4) -> 48 | C4: =COUNTIFS(거래내역!$B$2:$B$896,A4,거래내역!$L$2:$L$896,"익절") -> 14 | D4: =COUNTIFS(거래내역!$B$2:$B$896,A4,거래내역!$L$2:$L$896,"손절") -> 34 | E4: =COUNTIFS(거래내역!$B$2:$B$896,A4,거래내역!$L$2:$L$896,"보유중") -> 0 | F4: =IFERROR(C4/(C4+D4),0) -> 0.29166667 | G4: =SUMIFS(거래내역!$N$2:$N$896,거래내역!$B$2:$B$896,A4,거래내역!$L$2:$L$896,"<>보유중") -> 85513 | H4: =IFERROR(AVERAGEIFS(거래내역!$O$2:$O$896,거래내역!$B$2:$B$896,A4,거래내역!$L$2:$L$896,"<>보유중"),0) -> 0.021015572 | I4: =G4 -> 85513
A5: 2024-02 | B5: =COUNTIFS(거래내역!$B$2:$B$896,A5) -> 22 | C5: =COUNTIFS(거래내역!$B$2:$B$896,A5,거래내역!$L$2:$L$896,"익절") -> 6 | D5: =COUNTIFS(거래내역!$B$2:$B$896,A5,거래내역!$L$2:$L$896,"손절") -> 16 | E5: =COUNTIFS(거래내역!$B$2:$B$896,A5,거래내역!$L$2:$L$896,"보유중") -> 0 | F5: =IFERROR(C5/(C5+D5),0) -> 0.27272727 | G5: =SUMIFS(거래내역!$N$2:$N$896,거래내역!$B$2:$B$896,A5,거래내역!$L$2:$L$896,"<>보유중") -> 13065 | H5: =IFERROR(AVERAGEIFS(거래내역!$O$2:$O$896,거래내역!$B$2:$B$896,A5,거래내역!$L$2:$L$896,"<>보유중"),0) -> 0.017305577 | I5: =I4+G5 -> 98578
A6: 2024-03 | B6: =COUNTIFS(거래내역!$B$2:$B$896,A6) -> 32 | C6: =COUNTIFS(거래내역!$B$2:$B$896,A6,거래내역!$L$2:$L$896,"익절") -> 9 | D6: =COUNTIFS(거래내역!$B$2:$B$896,A6,거래내역!$L$2:$L$896,"손절") -> 23 | E6: =COUNTIFS(거래내역!$B$2:$B$896,A6,거래내역!$L$2:$L$896,"보유중") -> 0 | F6: =IFERROR(C6/(C6+D6),0) -> 0.28125 | G6: =SUMIFS(거래내역!$N$2:$N$896,거래내역!$B$2:$B$896,A6,거래내역!$L$2:$L$896,"<>보유중") -> 46413 | H6: =IFERROR(AVERAGEIFS(거래내역!$O$2:$O$896,거래내역!$B$2:$B$896,A6,거래내역!$L$2:$L$896,"<>보유중"),0) -> 0.018769982 | I6: =I5+G6 -> 144991
A7: 2024-04 | B7: =COUNTIFS(거래내역!$B$2:$B$896,A7) -> 34 | C7: =COUNTIFS(거래내역!$B$2:$B$896,A7,거래내역!$L$2:$L$896,"익절") -> 2 | D7: =COUNTIFS(거래내역!$B$2:$B$896,A7,거래내역!$L$2:$L$896,"손절") -> 32 | E7: =COUNTIFS(거래내역!$B$2:$B$896,A7,거래내역!$L$2:$L$896,"보유중") -> 0 | F7: =IFERROR(C7/(C7+D7),0) -> 0.058823529 | G7: =SUMIFS(거래내역!$N$2:$N$896,거래내역!$B$2:$B$896,A7,거래내역!$L$2:$L$896,"<>보유중") -> -105883 | H7: =IFERROR(AVERAGEIFS(거래내역!$O$2:$O$896,거래내역!$B$2:$B$896,A7,거래내역!$L$2:$L$896,"<>보유중"),0) -> -0.0362695 | I7: =I6+G7 -> 39108
A8: 2024-05 | B8: =COUNTIFS(거래내역!$B$2:$B$896,A8) -> 19 | C8: =COUNTIFS(거래내역!$B$2:$B$896,A8,거래내역!$L$2:$L$896,"익절") -> 5 | D8: =COUNTIFS(거래내역!$B$2:$B$896,A8,거래내역!$L$2:$L$896,"손절") -> 14 | E8: =COUNTIFS(거래내역!$B$2:$B$896,A8,거래내역!$L$2:$L$896,"보유중") -> 0 | F8: =IFERROR(C8/(C8+D8),0) -> 0.26315789 | G8: =SUMIFS(거래내역!$N$2:$N$896,거래내역!$B$2:$B$896,A8,거래내역!$L$2:$L$896,"<>보유중") -> 20028 | H8: =IFERROR(AVERAGEIFS(거래내역!$O$2:$O$896,거래내역!$B$2:$B$896,A8,거래내역!$L$2:$L$896,"<>보유중"),0) -> 0.014267841 | I8: =I7+G8 -> 59136
A9: 2024-06 | B9: =COUNTIFS(거래내역!$B$2:$B$896,A9) -> 23 | C9: =COUNTIFS(거래내역!$B$2:$B$896,A9,거래내역!$L$2:$L$896,"익절") -> 4 | D9: =COUNTIFS(거래내역!$B$2:$B$896,A9,거래내역!$L$2:$L$896,"손절") -> 18 | E9: =COUNTIFS(거래내역!$B$2:$B$896,A9,거래내역!$L$2:$L$896,"보유중") -> 1 | F9: =IFERROR(C9/(C9+D9),0) -> 0.18181818 | G9: =SUMIFS(거래내역!$N$2:$N$896,거래내역!$B$2:$B$896,A9,거래내역!$L$2:$L$896,"<>보유중") -> -7476 | H9: =IFERROR(AVERAGEIFS(거래내역!$O$2:$O$896,거래내역!$B$2:$B$896,A9,거래내역!$L$2:$L$896,"<>보유중"),0) -> -0.0061464934 | I9: =I8+G9 -> 51660
A10: 2024-07 | B10: =COUNTIFS(거래내역!$B$2:$B$896,A10) -> 18 | C10: =COUNTIFS(거래내역!$B$2:$B$896,A10,거래내역!$L$2:$L$896,"익절") -> 3 | D10: =COUNTIFS(거래내역!$B$2:$B$896,A10,거래내역!$L$2:$L$896,"손절") -> 15 | E10: =COUNTIFS(거래내역!$B$2:$B$896,A10,거래내역!$L$2:$L$896,"보유중") -> 0 | F10: =IFERROR(C10/(C10+D10),0) -> 0.16666667 | G10: =SUMIFS(거래내역!$N$2:$N$896,거래내역!$B$2:$B$896,A10,거래내역!$L$2:$L$896,"<>보유중") -> -18201 | H10: =IFERROR(AVERAGEIFS(거래내역!$O$2:$O$896,거래내역!$B$2:$B$896,A10,거래내역!$L$2:$L$896,"<>보유중"),0) -> -0.010937016 | I10: =I9+G10 -> 33459
A11: 2024-08 | B11: =COUNTIFS(거래내역!$B$2:$B$896,A11) -> 24 | C11: =COUNTIFS(거래내역!$B$2:$B$896,A11,거래내역!$L$2:$L$896,"익절") -> 5 | D11: =COUNTIFS(거래내역!$B$2:$B$896,A11,거래내역!$L$2:$L$896,"손절") -> 19 | E11: =COUNTIFS(거래내역!$B$2:$B$896,A11,거래내역!$L$2:$L$896,"보유중") -> 0 | F11: =IFERROR(C11/(C11+D11),0) -> 0.20833333 | G11: =SUMIFS(거래내역!$N$2:$N$896,거래내역!$B$2:$B$896,A11,거래내역!$L$2:$L$896,"<>보유중") -> -2293 | H11: =IFERROR(AVERAGEIFS(거래내역!$O$2:$O$896,거래내역!$B$2:$B$896,A11,거래내역!$L$2:$L$896,"<>보유중"),0) -> -0.00097185061 | I11: =I10+G11 -> 31166
A12: 2024-09 | B12: =COUNTIFS(거래내역!$B$2:$B$896,A12) -> 20 | C12: =COUNTIFS(거래내역!$B$2:$B$896,A12,거래내역!$L$2:$L$896,"익절") -> 2 | D12: =COUNTIFS(거래내역!$B$2:$B$896,A12,거래내역!$L$2:$L$896,"손절") -> 18 | E12: =COUNTIFS(거래내역!$B$2:$B$896,A12,거래내역!$L$2:$L$896,"보유중") -> 0 | F12: =IFERROR(C12/(C12+D12),0) -> 0.1 | G12: =SUMIFS(거래내역!$N$2:$N$896,거래내역!$B$2:$B$896,A12,거래내역!$L$2:$L$896,"<>보유중") -> -42390 | H12: =IFERROR(AVERAGEIFS(거래내역!$O$2:$O$896,거래내역!$B$2:$B$896,A12,거래내역!$L$2:$L$896,"<>보유중"),0) -> -0.026260093 | I12: =I11+G12 -> -11224
A13: 2024-10 | B13: =COUNTIFS(거래내역!$B$2:$B$896,A13) -> 27 | C13: =COUNTIFS(거래내역!$B$2:$B$896,A13,거래내역!$L$2:$L$896,"익절") -> 5 | D13: =COUNTIFS(거래내역!$B$2:$B$896,A13,거래내역!$L$2:$L$896,"손절") -> 22 | E13: =COUNTIFS(거래내역!$B$2:$B$896,A13,거래내역!$L$2:$L$896,"보유중") -> 0 | F13: =IFERROR(C13/(C13+D13),0) -> 0.18518519 | G13: =SUMIFS(거래내역!$N$2:$N$896,거래내역!$B$2:$B$896,A13,거래내역!$L$2:$L$896,"<>보유중") -> -15496 | H13: =IFERROR(AVERAGEIFS(거래내역!$O$2:$O$896,거래내역!$B$2:$B$896,A13,거래내역!$L$2:$L$896,"<>보유중"),0) -> -0.0048159349 | I13: =I12+G13 -> -26720
A14: 2024-11 | B14: =COUNTIFS(거래내역!$B$2:$B$896,A14) -> 31 | C14: =COUNTIFS(거래내역!$B$2:$B$896,A14,거래내역!$L$2:$L$896,"익절") -> 8 | D14: =COUNTIFS(거래내역!$B$2:$B$896,A14,거래내역!$L$2:$L$896,"손절") -> 23 | E14: =COUNTIFS(거래내역!$B$2:$B$896,A14,거래내역!$L$2:$L$896,"보유중") -> 0 | F14: =IFERROR(C14/(C14+D14),0) -> 0.25806452 | G14: =SUMIFS(거래내역!$N$2:$N$896,거래내역!$B$2:$B$896,A14,거래내역!$L$2:$L$896,"<>보유중") -> 40501 | H14: =IFERROR(AVERAGEIFS(거래내역!$O$2:$O$896,거래내역!$B$2:$B$896,A14,거래내역!$L$2:$L$896,"<>보유중"),0) -> 0.017612514 | I14: =I13+G14 -> 13781
A15: 2024-12 | B15: =COUNTIFS(거래내역!$B$2:$B$896,A15) -> 36 | C15: =COUNTIFS(거래내역!$B$2:$B$896,A15,거래내역!$L$2:$L$896,"익절") -> 5 | D15: =COUNTIFS(거래내역!$B$2:$B$896,A15,거래내역!$L$2:$L$896,"손절") -> 23 | E15: =COUNTIFS(거래내역!$B$2:$B$896,A15,거래내역!$L$2:$L$896,"보유중") -> 8 | F15: =IFERROR(C15/(C15+D15),0) -> 0.17857143 | G15: =SUMIFS(거래내역!$N$2:$N$896,거래내역!$B$2:$B$896,A15,거래내역!$L$2:$L$896,"<>보유중") -> -38054 | H15: =IFERROR(AVERAGEIFS(거래내역!$O$2:$O$896,거래내역!$B$2:$B$896,A15,거래내역!$L$2:$L$896,"<>보유중"),0) -> -0.015699176 | I15: =I14+G15 -> -24273
A16: 2025-01 | B16: =COUNTIFS(거래내역!$B$2:$B$896,A16) -> 29 | C16: =COUNTIFS(거래내역!$B$2:$B$896,A16,거래내역!$L$2:$L$896,"익절") -> 12 | D16: =COUNTIFS(거래내역!$B$2:$B$896,A16,거래내역!$L$2:$L$896,"손절") -> 17 | E16: =COUNTIFS(거래내역!$B$2:$B$896,A16,거래내역!$L$2:$L$896,"보유중") -> 0 | F16: =IFERROR(C16/(C16+D16),0) -> 0.4137931 | G16: =SUMIFS(거래내역!$N$2:$N$896,거래내역!$B$2:$B$896,A16,거래내역!$L$2:$L$896,"<>보유중") -> 141777 | H16: =IFERROR(AVERAGEIFS(거래내역!$O$2:$O$896,거래내역!$B$2:$B$896,A16,거래내역!$L$2:$L$896,"<>보유중"),0) -> 0.052497063 | I16: =I15+G16 -> 117504
... A36: 2026-09 | B36: =COUNTIFS(거래내역!$B$2:$B$896,A36) -> 28 | C36: =COUNTIFS(거래내역!$B$2:$B$896,A36,거래내역!$L$2:$L$896,"익절") -> 6 | D36: =COUNTIFS(거래내역!$B$2:$B$896,A36,거래내역!$L$2:$L$896,"손절") -> 14 | E36: =COUNTIFS(거래내역!$B$2:$B$896,A36,거래내역!$L$2:$L$896,"보유중") -> 8 | F36: =IFERROR(C36/(C36+D36),0) -> 0.3 | G36: =SUMIFS(거래내역!$N$2:$N$896,거래내역!$B$2:$B$896,A36,거래내역!$L$2:$L$896,"<>보유중") -> 38917 | H36: =IFERROR(AVERAGEIFS(거래내역!$O$2:$O$896,거래내역!$B$2:$B$896,A36,거래내역!$L$2:$L$896,"<>보유중"),0) -> 0.024333262 | I36: =I35+G36 -> 541099

Sheet 조건별분석
A1: 조건별 분석 (청산된 거래 기준) — 전략 수정 아이디어 검토용
A2: 연도별 손익이 같은 방향인지 보면 우연인지 판단하는 데 도움이 됩니다. 손익분기 승률은 약 21% (익절 +20% / 손절 -4.7%, 비용 포함).
A4: 매수일 코스피 5일 흐름 (종가가 5거래일 전보다 높으면 상승)
A5: 구분 | B5: 건수 | C5: 익절 | D5: 손절 | E5: 승률 | F5: 손익합(원) | G5: 평균 수익률 | H5: 2024 손익 | I5: 2025 손익 | J5: 2026 손익
A6: 5일 상승 | B6: =COUNTIFS(거래내역!$AB$2:$AB$896,A6,거래내역!$L$2:$L$896,"<>보유중") -> 523 | C6: =COUNTIFS(거래내역!$AB$2:$AB$896,A6,거래내역!$L$2:$L$896,"익절") -> 137 | D6: =COUNTIFS(거래내역!$AB$2:$AB$896,A6,거래내역!$L$2:$L$896,"손절") -> 386 | E6: =IFERROR(C6/(C6+D6),0) -> 0.26195029 | F6: =SUMIFS(거래내역!$N$2:$N$896,거래내역!$AB$2:$AB$896,A6,거래내역!$L$2:$L$896,"<>보유중") -> 548508 | G6: =IFERROR(AVERAGEIFS(거래내역!$O$2:$O$896,거래내역!$AB$2:$AB$896,A6,거래내역!$L$2:$L$896,"<>보유중"),0) -> 0.013576352 | H6: =SUMIFS(거래내역!$N$2:$N$896,거래내역!$AB$2:$AB$896,$A6,거래내역!$L$2:$L$896,"<>보유중",거래내역!$A$2:$A$896,2024) -> -9727 | I6: =SUMIFS(거래내역!$N$2:$N$896,거래내역!$AB$2:$AB$896,$A6,거래내역!$L$2:$L$896,"<>보유중",거래내역!$A$2:$A$896,2025) -> 357260 | J6: =SUMIFS(거래내역!$N$2:$N$896,거래내역!$AB$2:$AB$896,$A6,거래내역!$L$2:$L$896,"<>보유중",거래내역!$A$2:$A$896,2026) -> 200975
A7: 5일 하락 | B7: =COUNTIFS(거래내역!$AB$2:$AB$896,A7,거래내역!$L$2:$L$896,"<>보유중") -> 343 | C7: =COUNTIFS(거래내역!$AB$2:$AB$896,A7,거래내역!$L$2:$L$896,"익절") -> 68 | D7: =COUNTIFS(거래내역!$AB$2:$AB$896,A7,거래내역!$L$2:$L$896,"손절") -> 275 | E7: =IFERROR(C7/(C7+D7),0) -> 0.19825073 | F7: =SUMIFS(거래내역!$N$2:$N$896,거래내역!$AB$2:$AB$896,A7,거래내역!$L$2:$L$896,"<>보유중") -> -7409 | G7: =IFERROR(AVERAGEIFS(거래내역!$O$2:$O$896,거래내역!$AB$2:$AB$896,A7,거래내역!$L$2:$L$896,"<>보유중"),0) -> -0.0019548395 | H7: =SUMIFS(거래내역!$N$2:$N$896,거래내역!$AB$2:$AB$896,$A7,거래내역!$L$2:$L$896,"<>보유중",거래내역!$A$2:$A$896,2024) -> -14546 | I7: =SUMIFS(거래내역!$N$2:$N$896,거래내역!$AB$2:$AB$896,$A7,거래내역!$L$2:$L$896,"<>보유중",거래내역!$A$2:$A$896,2025) -> 159925 | J7: =SUMIFS(거래내역!$N$2:$N$896,거래내역!$AB$2:$AB$896,$A7,거래내역!$L$2:$L$896,"<>보유중",거래내역!$A$2:$A$896,2026) -> -152788
A9: 매수일 코스피 20일선 위치
A10: 구분 | B10: 건수 | C10: 익절 | D10: 손절 | E10: 승률 | F10: 손익합(원) | G10: 평균 수익률 | H10: 2024 손익 | I10: 2025 손익 | J10: 2026 손익
A11: 아래 | B11: =COUNTIFS(거래내역!$AA$2:$AA$896,A11,거래내역!$L$2:$L$896,"<>보유중") -> 335 | C11: =COUNTIFS(거래내역!$AA$2:$AA$896,A11,거래내역!$L$2:$L$896,"익절") -> 73 | D11: =COUNTIFS(거래내역!$AA$2:$AA$896,A11,거래내역!$L$2:$L$896,"손절") -> 262 | E11: =IFERROR(C11/(C11+D11),0) -> 0.21791045 | F11: =SUMIFS(거래내역!$N$2:$N$896,거래내역!$AA$2:$AA$896,A11,거래내역!$L$2:$L$896,"<>보유중") -> 134005 | G11: =IFERROR(AVERAGEIFS(거래내역!$O$2:$O$896,거래내역!$AA$2:$AA$896,A11,거래내역!$L$2:$L$896,"<>보유중"),0) -> 0.003127835 | H11: =SUMIFS(거래내역!$N$2:$N$896,거래내역!$AA$2:$AA$896,$A11,거래내역!$L$2:$L$896,"<>보유중",거래내역!$A$2:$A$896,2024) -> 17644 | I11: =SUMIFS(거래내역!$N$2:$N$896,거래내역!$AA$2:$AA$896,$A11,거래내역!$L$2:$L$896,"<>보유중",거래내역!$A$2:$A$896,2025) -> 207168 | J11: =SUMIFS(거래내역!$N$2:$N$896,거래내역!$AA$2:$AA$896,$A11,거래내역!$L$2:$L$896,"<>보유중",거래내역!$A$2:$A$896,2026) -> -90807
A12: 위 | B12: =COUNTIFS(거래내역!$AA$2:$AA$896,A12,거래내역!$L$2:$L$896,"<>보유중") -> 531 | C12: =COUNTIFS(거래내역!$AA$2:$AA$896,A12,거래내역!$L$2:$L$896,"익절") -> 132 | D12: =COUNTIFS(거래내역!$AA$2:$AA$896,A12,거래내역!$L$2:$L$896,"손절") -> 399 | E12: =IFERROR(C12/(C12+D12),0) -> 0.24858757 | F12: =SUMIFS(거래내역!$N$2:$N$896,거래내역!$AA$2:$AA$896,A12,거래내역!$L$2:$L$896,"<>보유중") -> 407094 | G12: =IFERROR(AVERAGEIFS(거래내역!$O$2:$O$896,거래내역!$AA$2:$AA$896,A12,거래내역!$L$2:$L$896,"<>보유중"),0) -> 0.010135777 | H12: =SUMIFS(거래내역!$N$2:$N$896,거래내역!$AA$2:$AA$896,$A12,거래내역!$L$2:$L$896,"<>보유중",거래내역!$A$2:$A$896,2024) -> -41917 | I12: =SUMIFS(거래내역!$N$2:$N$896,거래내역!$AA$2:$AA$896,$A12,거래내역!$L$2:$L$896,"<>보유중",거래내역!$A$2:$A$896,2025) -> 310017 | J12: =SUMIFS(거래내역!$N$2:$N$896,거래내역!$AA$2:$AA$896,$A12,거래내역!$L$2:$L$896,"<>보유중",거래내역!$A$2:$A$896,2026) -> 138994
A14: 매수일 당일 상승률
A15: 구분 | B15: 건수 | C15: 익절 | D15: 손절 | E15: 승률 | F15: 손익합(원) | G15: 평균 수익률 | H15: 2024 손익 | I15: 2025 손익 | J15: 2026 손익
A16: 1) +3% 미만 | B16: =COUNTIFS(거래내역!$AC$2:$AC$896,A16,거래내역!$L$2:$L$896,"<>보유중") -> 96 | C16: =COUNTIFS(거래내역!$AC$2:$AC$896,A16,거래내역!$L$2:$L$896,"익절") -> 31 | D16: =COUNTIFS(거래내역!$AC$2:$AC$896,A16,거래내역!$L$2:$L$896,"손절") -> 65 | E16: =IFERROR(C16/(C16+D16),0) -> 0.32291667 | F16: =SUMIFS(거래내역!$N$2:$N$896,거래내역!$AC$2:$AC$896,A16,거래내역!$L$2:$L$896,"<>보유중") -> 213936 | G16: =IFERROR(AVERAGEIFS(거래내역!$O$2:$O$896,거래내역!$AC$2:$AC$896,A16,거래내역!$L$2:$L$896,"<>보유중"),0) -> 0.029724654 | H16: =SUMIFS(거래내역!$N$2:$N$896,거래내역!$AC$2:$AC$896,$A16,거래내역!$L$2:$L$896,"<>보유중",거래내역!$A$2:$A$896,2024) -> 23453 | I16: =SUMIFS(거래내역!$N$2:$N$896,거래내역!$AC$2:$AC$896,$A16,거래내역!$L$2:$L$896,"<>보유중",거래내역!$A$2:$A$896,2025) -> 97937 | J16: =SUMIFS(거래내역!$N$2:$N$896,거래내역!$AC$2:$AC$896,$A16,거래내역!$L$2:$L$896,"<>보유중",거래내역!$A$2:$A$896,2026) -> 92546
A17: 2) +3% ~ +5% | B17: =COUNTIFS(거래내역!$AC$2:$AC$896,A17,거래내역!$L$2:$L$896,"<>보유중") -> 0 | C17: =COUNTIFS(거래내역!$AC$2:$AC$896,A17,거래내역!$L$2:$L$896,"익절") -> 0 | D17: =COUNTIFS(거래내역!$AC$2:$AC$896,A17,거래내역!$L$2:$L$896,"손절") -> 0 | E17: =IFERROR(C17/(C17+D17),0) -> 0 | F17: =SUMIFS(거래내역!$N$2:$N$896,거래내역!$AC$2:$AC$896,A17,거래내역!$L$2:$L$896,"<>보유중") -> 0 | G17: =IFERROR(AVERAGEIFS(거래내역!$O$2:$O$896,거래내역!$AC$2:$AC$896,A17,거래내역!$L$2:$L$896,"<>보유중"),0) -> 0 | H17: =SUMIFS(거래내역!$N$2:$N$896,거래내역!$AC$2:$AC$896,$A17,거래내역!$L$2:$L$896,"<>보유중",거래내역!$A$2:$A$896,2024) -> 0 | I17: =SUMIFS(거래내역!$N$2:$N$896,거래내역!$AC$2:$AC$896,$A17,거래내역!$L$2:$L$896,"<>보유중",거래내역!$A$2:$A$896,2025) -> 0 | J17: =SUMIFS(거래내역!$N$2:$N$896,거래내역!$AC$2:$AC$896,$A17,거래내역!$L$2:$L$896,"<>보유중",거래내역!$A$2:$A$896,2026) -> 0
A18: 3) +5% ~ +10% | B18: =COUNTIFS(거래내역!$AC$2:$AC$896,A18,거래내역!$L$2:$L$896,"<>보유중") -> 0 | C18: =COUNTIFS(거래내역!$AC$2:$AC$896,A18,거래내역!$L$2:$L$896,"익절") -> 0 | D18: =COUNTIFS(거래내역!$AC$2:$AC$896,A18,거래내역!$L$2:$L$896,"손절") -> 0 | E18: =IFERROR(C18/(C18+D18),0) -> 0 | F18: =SUMIFS(거래내역!$N$2:$N$896,거래내역!$AC$2:$AC$896,A18,거래내역!$L$2:$L$896,"<>보유중") -> 0 | G18: =IFERROR(AVERAGEIFS(거래내역!$O$2:$O$896,거래내역!$AC$2:$AC$896,A18,거래내역!$L$2:$L$896,"<>보유중"),0) -> 0 | H18: =SUMIFS(거래내역!$N$2:$N$896,거래내역!$AC$2:$AC$896,$A18,거래내역!$L$2:$L$896,"<>보유중",거래내역!$A$2:$A$896,2024) -> 0 | I18: =SUMIFS(거래내역!$N$2:$N$896,거래내역!$AC$2:$AC$896,$A18,거래내역!$L$2:$L$896,"<>보유중",거래내역!$A$2:$A$896,2025) -> 0 | J18: =SUMIFS(거래내역!$N$2:$N$896,거래내역!$AC$2:$AC$896,$A18,거래내역!$L$2:$L$896,"<>보유중",거래내역!$A$2:$A$896,2026) -> 0
A19: 4) +10% ~ +15% | B19: =COUNTIFS(거래내역!$AC$2:$AC$896,A19,거래내역!$L$2:$L$896,"<>보유중") -> 0 | C19: =COUNTIFS(거래내역!$AC$2:$AC$896,A19,거래내역!$L$2:$L$896,"익절") -> 0 | D19: =COUNTIFS(거래내역!$AC$2:$AC$896,A19,거래내역!$L$2:$L$896,"손절") -> 0 | E19: =IFERROR(C19/(C19+D19),0) -> 0 | F19: =SUMIFS(거래내역!$N$2:$N$896,거래내역!$AC$2:$AC$896,A19,거래내역!$L$2:$L$896,"<>보유중") -> 0 | G19: =IFERROR(AVERAGEIFS(거래내역!$O$2:$O$896,거래내역!$AC$2:$AC$896,A19,거래내역!$L$2:$L$896,"<>보유중"),0) -> 0 | H19: =SUMIFS(거래내역!$N$2:$N$896,거래내역!$AC$2:$AC$896,$A19,거래내역!$L$2:$L$896,"<>보유중",거래내역!$A$2:$A$896,2024) -> 0 | I19: =SUMIFS(거래내역!$N$2:$N$896,거래내역!$AC$2:$AC$896,$A19,거래내역!$L$2:$L$896,"<>보유중",거래내역!$A$2:$A$896,2025) -> 0 | J19: =SUMIFS(거래내역!$N$2:$N$896,거래내역!$AC$2:$AC$896,$A19,거래내역!$L$2:$L$896,"<>보유중",거래내역!$A$2:$A$896,2026) -> 0
A20: 5) +15% ~ +20% | B20: =COUNTIFS(거래내역!$AC$2:$AC$896,A20,거래내역!$L$2:$L$896,"<>보유중") -> 0 | C20: =COUNTIFS(거래내역!$AC$2:$AC$896,A20,거래내역!$L$2:$L$896,"익절") -> 0 | D20: =COUNTIFS(거래내역!$AC$2:$AC$896,A20,거래내역!$L$2:$L$896,"손절") -> 0 | E20: =IFERROR(C20/(C20+D20),0) -> 0 | F20: =SUMIFS(거래내역!$N$2:$N$896,거래내역!$AC$2:$AC$896,A20,거래내역!$L$2:$L$896,"<>보유중") -> 0 | G20: =IFERROR(AVERAGEIFS(거래내역!$O$2:$O$896,거래내역!$AC$2:$AC$896,A20,거래내역!$L$2:$L$896,"<>보유중"),0) -> 0 | H20: =SUMIFS(거래내역!$N$2:$N$896,거래내역!$AC$2:$AC$896,$A20,거래내역!$L$2:$L$896,"<>보유중",거래내역!$A$2:$A$896,2024) -> 0 | I20: =SUMIFS(거래내역!$N$2:$N$896,거래내역!$AC$2:$AC$896,$A20,거래내역!$L$2:$L$896,"<>보유중",거래내역!$A$2:$A$896,2025) -> 0 | J20: =SUMIFS(거래내역!$N$2:$N$896,거래내역!$AC$2:$AC$896,$A20,거래내역!$L$2:$L$896,"<>보유중",거래내역!$A$2:$A$896,2026) -> 0
A21: 6) +20% 이상 | B21: =COUNTIFS(거래내역!$AC$2:$AC$896,A21,거래내역!$L$2:$L$896,"<>보유중") -> 83 | C21: =COUNTIFS(거래내역!$AC$2:$AC$896,A21,거래내역!$L$2:$L$896,"익절") -> 17 | D21: =COUNTIFS(거래내역!$AC$2:$AC$896,A21,거래내역!$L$2:$L$896,"손절") -> 66 | E21: =IFERROR(C21/(C21+D21),0) -> 0.20481928 | F21: =SUMIFS(거래내역!$N$2:$N$896,거래내역!$AC$2:$AC$896,A21,거래내역!$L$2:$L$896,"<>보유중") -> -10542 | G21: =IFERROR(AVERAGEIFS(거래내역!$O$2:$O$896,거래내역!$AC$2:$AC$896,A21,거래내역!$L$2:$L$896,"<>보유중"),0) -> -0.00062463463 | H21: =SUMIFS(거래내역!$N$2:$N$896,거래내역!$AC$2:$AC$896,$A21,거래내역!$L$2:$L$896,"<>보유중",거래내역!$A$2:$A$896,2024) -> -33841 | I21: =SUMIFS(거래내역!$N$2:$N$896,거래내역!$AC$2:$AC$896,$A21,거래내역!$L$2:$L$896,"<>보유중",거래내역!$A$2:$A$896,2025) -> 30418 | J21: =SUMIFS(거래내역!$N$2:$N$896,거래내역!$AC$2:$AC$896,$A21,거래내역!$L$2:$L$896,"<>보유중",거래내역!$A$2:$A$896,2026) -> -7119
A23: 매수일 당일 거래대금
A24: 구분 | B24: 건수 | C24: 익절 | D24: 손절 | E24: 승률 | F24: 손익합(원) | G24: 평균 수익률 | H24: 2024 손익 | I24: 2025 손익 | J24: 2026 손익
A25: 1) 300억 미만 | B25: =COUNTIFS(거래내역!$AD$2:$AD$896,A25,거래내역!$L$2:$L$896,"<>보유중") -> 123 | C25: =COUNTIFS(거래내역!$AD$2:$AD$896,A25,거래내역!$L$2:$L$896,"익절") -> 37 | D25: =COUNTIFS(거래내역!$AD$2:$AD$896,A25,거래내역!$L$2:$L$896,"손절") -> 86 | E25: =IFERROR(C25/(C25+D25),0) -> 0.30081301 | F25: =SUMIFS(거래내역!$N$2:$N$896,거래내역!$AD$2:$AD$896,A25,거래내역!$L$2:$L$896,"<>보유중") -> 250202 | G25: =IFERROR(AVERAGEIFS(거래내역!$O$2:$O$896,거래내역!$AD$2:$AD$896,A25,거래내역!$L$2:$L$896,"<>보유중"),0) -> 0.023060993 | H25: =SUMIFS(거래내역!$N$2:$N$896,거래내역!$AD$2:$AD$896,$A25,거래내역!$L$2:$L$896,"<>보유중",거래내역!$A$2:$A$896,2024) -> 130821 | I25: =SUMIFS(거래내역!$N$2:$N$896,거래내역!$AD$2:$AD$896,$A25,거래내역!$L$2:$L$896,"<>보유중",거래내역!$A$2:$A$896,2025) -> 98321 | J25: =SUMIFS(거래내역!$N$2:$N$896,거래내역!$AD$2:$AD$896,$A25,거래내역!$L$2:$L$896,"<>보유중",거래내역!$A$2:$A$896,2026) -> 21060
A26: 2) 300억 ~ 500억 | B26: =COUNTIFS(거래내역!$AD$2:$AD$896,A26,거래내역!$L$2:$L$896,"<>보유중") -> 0 | C26: =COUNTIFS(거래내역!$AD$2:$AD$896,A26,거래내역!$L$2:$L$896,"익절") -> 0 | D26: =COUNTIFS(거래내역!$AD$2:$AD$896,A26,거래내역!$L$2:$L$896,"손절") -> 0 | E26: =IFERROR(C26/(C26+D26),0) -> 0 | F26: =SUMIFS(거래내역!$N$2:$N$896,거래내역!$AD$2:$AD$896,A26,거래내역!$L$2:$L$896,"<>보유중") -> 0 | G26: =IFERROR(AVERAGEIFS(거래내역!$O$2:$O$896,거래내역!$AD$2:$AD$896,A26,거래내역!$L$2:$L$896,"<>보유중"),0) -> 0 | H26: =SUMIFS(거래내역!$N$2:$N$896,거래내역!$AD$2:$AD$896,$A26,거래내역!$L$2:$L$896,"<>보유중",거래내역!$A$2:$A$896,2024) -> 0 | I26: =SUMIFS(거래내역!$N$2:$N$896,거래내역!$AD$2:$AD$896,$A26,거래내역!$L$2:$L$896,"<>보유중",거래내역!$A$2:$A$896,2025) -> 0 | J26: =SUMIFS(거래내역!$N$2:$N$896,거래내역!$AD$2:$AD$896,$A26,거래내역!$L$2:$L$896,"<>보유중",거래내역!$A$2:$A$896,2026) -> 0
A27: 3) 500억 ~ 1,000억 | B27: =COUNTIFS(거래내역!$AD$2:$AD$896,A27,거래내역!$L$2:$L$896,"<>보유중") -> 0 | C27: =COUNTIFS(거래내역!$AD$2:$AD$896,A27,거래내역!$L$2:$L$896,"익절") -> 0 | D27: =COUNTIFS(거래내역!$AD$2:$AD$896,A27,거래내역!$L$2:$L$896,"손절") -> 0 | E27: =IFERROR(C27/(C27+D27),0) -> 0 | F27: =SUMIFS(거래내역!$N$2:$N$896,거래내역!$AD$2:$AD$896,A27,거래내역!$L$2:$L$896,"<>보유중") -> 0 | G27: =IFERROR(AVERAGEIFS(거래내역!$O$2:$O$896,거래내역!$AD$2:$AD$896,A27,거래내역!$L$2:$L$896,"<>보유중"),0) -> 0 | H27: =SUMIFS(거래내역!$N$2:$N$896,거래내역!$AD$2:$AD$896,$A27,거래내역!$L$2:$L$896,"<>보유중",거래내역!$A$2:$A$896,2024) -> 0 | I27: =SUMIFS(거래내역!$N$2:$N$896,거래내역!$AD$2:$AD$896,$A27,거래내역!$L$2:$L$896,"<>보유중",거래내역!$A$2:$A$896,2025) -> 0 | J27: =SUMIFS(거래내역!$N$2:$N$896,거래내역!$AD$2:$AD$896,$A27,거래내역!$L$2:$L$896,"<>보유중",거래내역!$A$2:$A$896,2026) -> 0
A28: 4) 1,000억 ~ 2,000억 | B28: =COUNTIFS(거래내역!$AD$2:$AD$896,A28,거래내역!$L$2:$L$896,"<>보유중") -> 0 | C28: =COUNTIFS(거래내역!$AD$2:$AD$896,A28,거래내역!$L$2:$L$896,"익절") -> 0 | D28: =COUNTIFS(거래내역!$AD$2:$AD$896,A28,거래내역!$L$2:$L$896,"손절") -> 0 | E28: =IFERROR(C28/(C28+D28),0) -> 0 | F28: =SUMIFS(거래내역!$N$2:$N$896,거래내역!$AD$2:$AD$896,A28,거래내역!$L$2:$L$896,"<>보유중") -> 0 | G28: =IFERROR(AVERAGEIFS(거래내역!$O$2:$O$896,거래내역!$AD$2:$AD$896,A28,거래내역!$L$2:$L$896,"<>보유중"),0) -> 0 | H28: =SUMIFS(거래내역!$N$2:$N$896,거래내역!$AD$2:$AD$896,$A28,거래내역!$L$2:$L$896,"<>보유중",거래내역!$A$2:$A$896,2024) -> 0 | I28: =SUMIFS(거래내역!$N$2:$N$896,거래내역!$AD$2:$AD$896,$A28,거래내역!$L$2:$L$896,"<>보유중",거래내역!$A$2:$A$896,2025) -> 0 | J28: =SUMIFS(거래내역!$N$2:$N$896,거래내역!$AD$2:$AD$896,$A28,거래내역!$L$2:$L$896,"<>보유중",거래내역!$A$2:$A$896,2026) -> 0
A29: 5) 2,000억 이상 | B29: =COUNTIFS(거래내역!$AD$2:$AD$896,A29,거래내역!$L$2:$L$896,"<>보유중") -> 128 | C29: =COUNTIFS(거래내역!$AD$2:$AD$896,A29,거래내역!$L$2:$L$896,"익절") -> 21 | D29: =COUNTIFS(거래내역!$AD$2:$AD$896,A29,거래내역!$L$2:$L$896,"손절") -> 107 | E29: =IFERROR(C29/(C29+D29),0) -> 0.1640625 | F29: =SUMIFS(거래내역!$N$2:$N$896,거래내역!$AD$2:$AD$896,A29,거래내역!$L$2:$L$896,"<>보유중") -> -143346 | G29: =IFERROR(AVERAGEIFS(거래내역!$O$2:$O$896,거래내역!$AD$2:$AD$896,A29,거래내역!$L$2:$L$896,"<>보유중"),0) -> -0.010285494 | H29: =SUMIFS(거래내역!$N$2:$N$896,거래내역!$AD$2:$AD$896,$A29,거래내역!$L$2:$L$896,"<>보유중",거래내역!$A$2:$A$896,2024) -> -32919 | I29: =SUMIFS(거래내역!$N$2:$N$896,거래내역!$AD$2:$AD$896,$A29,거래내역!$L$2:$L$896,"<>보유중",거래내역!$A$2:$A$896,2025) -> -11613 | J29: =SUMIFS(거래내역!$N$2:$N$896,거래내역!$AD$2:$AD$896,$A29,거래내역!$L$2:$L$896,"<>보유중",거래내역!$A$2:$A$896,2026) -> -98814
A31: 20일 신고가 돌파폭 (종가 / 직전 20일 최고 종가)
A32: 구분 | B32: 건수 | C32: 익절 | D32: 손절 | E32: 승률 | F32: 손익합(원) | G32: 평균 수익률 | H32: 2024 손익 | I32: 2025 손익 | J32: 2026 손익
A33: 1) +2% 미만 | B33: =COUNTIFS(거래내역!$AE$2:$AE$896,A33,거래내역!$L$2:$L$896,"<>보유중") -> 246 | C33: =COUNTIFS(거래내역!$AE$2:$AE$896,A33,거래내역!$L$2:$L$896,"익절") -> 70 | D33: =COUNTIFS(거래내역!$AE$2:$AE$896,A33,거래내역!$L$2:$L$896,"손절") -> 176 | E33: =IFERROR(C33/(C33+D33),0) -> 0.28455285 | F33: =SUMIFS(거래내역!$N$2:$N$896,거래내역!$AE$2:$AE$896,A33,거래내역!$L$2:$L$896,"<>보유중") -> 378817 | G33: =IFERROR(AVERAGEIFS(거래내역!$O$2:$O$896,거래내역!$AE$2:$AE$896,A33,거래내역!$L$2:$L$896,"<>보유중"),0) -> 0.018444617 | H33: =SUMIFS(거래내역!$N$2:$N$896,거래내역!$AE$2:$AE$896,$A33,거래내역!$L$2:$L$896,"<>보유중",거래내역!$A$2:$A$896,2024) -> 73163 | I33: =SUMIFS(거래내역!$N$2:$N$896,거래내역!$AE$2:$AE$896,$A33,거래내역!$L$2:$L$896,"<>보유중",거래내역!$A$2:$A$896,2025) -> 170767 | J33: =SUMIFS(거래내역!$N$2:$N$896,거래내역!$AE$2:$AE$896,$A33,거래내역!$L$2:$L$896,"<>보유중",거래내역!$A$2:$A$896,2026) -> 134887
A34: 2) +2% ~ +5% | B34: =COUNTIFS(거래내역!$AE$2:$AE$896,A34,거래내역!$L$2:$L$896,"<>보유중") -> 0 | C34: =COUNTIFS(거래내역!$AE$2:$AE$896,A34,거래내역!$L$2:$L$896,"익절") -> 0 | D34: =COUNTIFS(거래내역!$AE$2:$AE$896,A34,거래내역!$L$2:$L$896,"손절") -> 0 | E34: =IFERROR(C34/(C34+D34),0) -> 0 | F34: =SUMIFS(거래내역!$N$2:$N$896,거래내역!$AE$2:$AE$896,A34,거래내역!$L$2:$L$896,"<>보유중") -> 0 | G34: =IFERROR(AVERAGEIFS(거래내역!$O$2:$O$896,거래내역!$AE$2:$AE$896,A34,거래내역!$L$2:$L$896,"<>보유중"),0) -> 0 | H34: =SUMIFS(거래내역!$N$2:$N$896,거래내역!$AE$2:$AE$896,$A34,거래내역!$L$2:$L$896,"<>보유중",거래내역!$A$2:$A$896,2024) -> 0 | I34: =SUMIFS(거래내역!$N$2:$N$896,거래내역!$AE$2:$AE$896,$A34,거래내역!$L$2:$L$896,"<>보유중",거래내역!$A$2:$A$896,2025) -> 0 | J34: =SUMIFS(거래내역!$N$2:$N$896,거래내역!$AE$2:$AE$896,$A34,거래내역!$L$2:$L$896,"<>보유중",거래내역!$A$2:$A$896,2026) -> 0
A35: 3) +5% ~ +10% | B35: =COUNTIFS(거래내역!$AE$2:$AE$896,A35,거래내역!$L$2:$L$896,"<>보유중") -> 0 | C35: =COUNTIFS(거래내역!$AE$2:$AE$896,A35,거래내역!$L$2:$L$896,"익절") -> 0 | D35: =COUNTIFS(거래내역!$AE$2:$AE$896,A35,거래내역!$L$2:$L$896,"손절") -> 0 | E35: =IFERROR(C35/(C35+D35),0) -> 0 | F35: =SUMIFS(거래내역!$N$2:$N$896,거래내역!$AE$2:$AE$896,A35,거래내역!$L$2:$L$896,"<>보유중") -> 0 | G35: =IFERROR(AVERAGEIFS(거래내역!$O$2:$O$896,거래내역!$AE$2:$AE$896,A35,거래내역!$L$2:$L$896,"<>보유중"),0) -> 0 | H35: =SUMIFS(거래내역!$N$2:$N$896,거래내역!$AE$2:$AE$896,$A35,거래내역!$L$2:$L$896,"<>보유중",거래내역!$A$2:$A$896,2024) -> 0 | I35: =SUMIFS(거래내역!$N$2:$N$896,거래내역!$AE$2:$AE$896,$A35,거래내역!$L$2:$L$896,"<>보유중",거래내역!$A$2:$A$896,2025) -> 0 | J35: =SUMIFS(거래내역!$N$2:$N$896,거래내역!$AE$2:$AE$896,$A35,거래내역!$L$2:$L$896,"<>보유중",거래내역!$A$2:$A$896,2026) -> 0
A36: 4) +10% 이상 | B36: =COUNTIFS(거래내역!$AE$2:$AE$896,A36,거래내역!$L$2:$L$896,"<>보유중") -> 126 | C36: =COUNTIFS(거래내역!$AE$2:$AE$896,A36,거래내역!$L$2:$L$896,"익절") -> 32 | D36: =COUNTIFS(거래내역!$AE$2:$AE$896,A36,거래내역!$L$2:$L$896,"손절") -> 94 | E36: =IFERROR(C36/(C36+D36),0) -> 0.25396825 | F36: =SUMIFS(거래내역!$N$2:$N$896,거래내역!$AE$2:$AE$896,A36,거래내역!$L$2:$L$896,"<>보유중") -> 71874 | G36: =IFERROR(AVERAGEIFS(거래내역!$O$2:$O$896,거래내역!$AE$2:$AE$896,A36,거래내역!$L$2:$L$896,"<>보유중"),0) -> 0.0084951366 | H36: =SUMIFS(거래내역!$N$2:$N$896,거래내역!$AE$2:$AE$896,$A36,거래내역!$L$2:$L$896,"<>보유중",거래내역!$A$2:$A$896,2024) -> -45145 | I36: =SUMIFS(거래내역!$N$2:$N$896,거래내역!$AE$2:$AE$896,$A36,거래내역!$L$2:$L$896,"<>보유중",거래내역!$A$2:$A$896,2025) -> 67327 | J36: =SUMIFS(거래내역!$N$2:$N$896,거래내역!$AE$2:$AE$896,$A36,거래내역!$L$2:$L$896,"<>보유중",거래내역!$A$2:$A$896,2026) -> 49692
A38: 거래량 배수 (당일 / 직전 20일 평균)
A39: 구분 | B39: 건수 | C39: 익절 | D39: 손절 | E39: 승률 | F39: 손익합(원) | G39: 평균 수익률 | H39: 2024 손익 | I39: 2025 손익 | J39: 2026 손익
A40: 1) 2배 미만 | B40: =COUNTIFS(거래내역!$AF$2:$AF$896,A40,거래내역!$L$2:$L$896,"<>보유중") -> 193 | C40: =COUNTIFS(거래내역!$AF$2:$AF$896,A40,거래내역!$L$2:$L$896,"익절") -> 49 | D40: =COUNTIFS(거래내역!$AF$2:$AF$896,A40,거래내역!$L$2:$L$896,"손절") -> 144 | E40: =IFERROR(C40/(C40+D40),0) -> 0.25388601 | F40: =SUMIFS(거래내역!$N$2:$N$896,거래내역!$AF$2:$AF$896,A40,거래내역!$L$2:$L$896,"<>보유중") -> 177952 | G40: =IFERROR(AVERAGEIFS(거래내역!$O$2:$O$896,거래내역!$AF$2:$AF$896,A40,거래내역!$L$2:$L$896,"<>보유중"),0) -> 0.01050917 | H40: =SUMIFS(거래내역!$N$2:$N$896,거래내역!$AF$2:$AF$896,$A40,거래내역!$L$2:$L$896,"<>보유중",거래내역!$A$2:$A$896,2024) -> -5180 | I40: =SUMIFS(거래내역!$N$2:$N$896,거래내역!$AF$2:$AF$896,$A40,거래내역!$L$2:$L$896,"<>보유중",거래내역!$A$2:$A$896,2025) -> 138334 | J40: =SUMIFS(거래내역!$N$2:$N$896,거래내역!$AF$2:$AF$896,$A40,거래내역!$L$2:$L$896,"<>보유중",거래내역!$A$2:$A$896,2026) -> 44798
A41: 2) 2배 ~ 3배 | B41: =COUNTIFS(거래내역!$AF$2:$AF$896,A41,거래내역!$L$2:$L$896,"<>보유중") -> 0 | C41: =COUNTIFS(거래내역!$AF$2:$AF$896,A41,거래내역!$L$2:$L$896,"익절") -> 0 | D41: =COUNTIFS(거래내역!$AF$2:$AF$896,A41,거래내역!$L$2:$L$896,"손절") -> 0 | E41: =IFERROR(C41/(C41+D41),0) -> 0 | F41: =SUMIFS(거래내역!$N$2:$N$896,거래내역!$AF$2:$AF$896,A41,거래내역!$L$2:$L$896,"<>보유중") -> 0 | G41: =IFERROR(AVERAGEIFS(거래내역!$O$2:$O$896,거래내역!$AF$2:$AF$896,A41,거래내역!$L$2:$L$896,"<>보유중"),0) -> 0 | H41: =SUMIFS(거래내역!$N$2:$N$896,거래내역!$AF$2:$AF$896,$A41,거래내역!$L$2:$L$896,"<>보유중",거래내역!$A$2:$A$896,2024) -> 0 | I41: =SUMIFS(거래내역!$N$2:$N$896,거래내역!$AF$2:$AF$896,$A41,거래내역!$L$2:$L$896,"<>보유중",거래내역!$A$2:$A$896,2025) -> 0 | J41: =SUMIFS(거래내역!$N$2:$N$896,거래내역!$AF$2:$AF$896,$A41,거래내역!$L$2:$L$896,"<>보유중",거래내역!$A$2:$A$896,2026) -> 0
A42: 3) 3배 ~ 5배 | B42: =COUNTIFS(거래내역!$AF$2:$AF$896,A42,거래내역!$L$2:$L$896,"<>보유중") -> 0 | C42: =COUNTIFS(거래내역!$AF$2:$AF$896,A42,거래내역!$L$2:$L$896,"익절") -> 0 | D42: =COUNTIFS(거래내역!$AF$2:$AF$896,A42,거래내역!$L$2:$L$896,"손절") -> 0 | E42: =IFERROR(C42/(C42+D42),0) -> 0 | F42: =SUMIFS(거래내역!$N$2:$N$896,거래내역!$AF$2:$AF$896,A42,거래내역!$L$2:$L$896,"<>보유중") -> 0 | G42: =IFERROR(AVERAGEIFS(거래내역!$O$2:$O$896,거래내역!$AF$2:$AF$896,A42,거래내역!$L$2:$L$896,"<>보유중"),0) -> 0 | H42: =SUMIFS(거래내역!$N$2:$N$896,거래내역!$AF$2:$AF$896,$A42,거래내역!$L$2:$L$896,"<>보유중",거래내역!$A$2:$A$896,2024) -> 0 | I42: =SUMIFS(거래내역!$N$2:$N$896,거래내역!$AF$2:$AF$896,$A42,거래내역!$L$2:$L$896,"<>보유중",거래내역!$A$2:$A$896,2025) -> 0 | J42: =SUMIFS(거래내역!$N$2:$N$896,거래내역!$AF$2:$AF$896,$A42,거래내역!$L$2:$L$896,"<>보유중",거래내역!$A$2:$A$896,2026) -> 0
A43: 4) 5배 ~ 10배 | B43: =COUNTIFS(거래내역!$AF$2:$AF$896,A43,거래내역!$L$2:$L$896,"<>보유중") -> 0 | C43: =COUNTIFS(거래내역!$AF$2:$AF$896,A43,거래내역!$L$2:$L$896,"익절") -> 0 | D43: =COUNTIFS(거래내역!$AF$2:$AF$896,A43,거래내역!$L$2:$L$896,"손절") -> 0 | E43: =IFERROR(C43/(C43+D43),0) -> 0 | F43: =SUMIFS(거래내역!$N$2:$N$896,거래내역!$AF$2:$AF$896,A43,거래내역!$L$2:$L$896,"<>보유중") -> 0 | G43: =IFERROR(AVERAGEIFS(거래내역!$O$2:$O$896,거래내역!$AF$2:$AF$896,A43,거래내역!$L$2:$L$896,"<>보유중"),0) -> 0 | H43: =SUMIFS(거래내역!$N$2:$N$896,거래내역!$AF$2:$AF$896,$A43,거래내역!$L$2:$L$896,"<>보유중",거래내역!$A$2:$A$896,2024) -> 0 | I43: =SUMIFS(거래내역!$N$2:$N$896,거래내역!$AF$2:$AF$896,$A43,거래내역!$L$2:$L$896,"<>보유중",거래내역!$A$2:$A$896,2025) -> 0 | J43: =SUMIFS(거래내역!$N$2:$N$896,거래내역!$AF$2:$AF$896,$A43,거래내역!$L$2:$L$896,"<>보유중",거래내역!$A$2:$A$896,2026) -> 0
A44: 5) 10배 이상 | B44: =COUNTIFS(거래내역!$AF$2:$AF$896,A44,거래내역!$L$2:$L$896,"<>보유중") -> 189 | C44: =COUNTIFS(거래내역!$AF$2:$AF$896,A44,거래내역!$L$2:$L$896,"익절") -> 39 | D44: =COUNTIFS(거래내역!$AF$2:$AF$896,A44,거래내역!$L$2:$L$896,"손절") -> 150 | E44: =IFERROR(C44/(C44+D44),0) -> 0.20634921 | F44: =SUMIFS(거래내역!$N$2:$N$896,거래내역!$AF$2:$AF$896,A44,거래내역!$L$2:$L$896,"<>보유중") -> -21864 | G44: =IFERROR(AVERAGEIFS(거래내역!$O$2:$O$896,거래내역!$AF$2:$AF$896,A44,거래내역!$L$2:$L$896,"<>보유중"),0) -> 0.00011936433 | H44: =SUMIFS(거래내역!$N$2:$N$896,거래내역!$AF$2:$AF$896,$A44,거래내역!$L$2:$L$896,"<>보유중",거래내역!$A$2:$A$896,2024) -> -9630 | I44: =SUMIFS(거래내역!$N$2:$N$896,거래내역!$AF$2:$AF$896,$A44,거래내역!$L$2:$L$896,"<>보유중",거래내역!$A$2:$A$896,2025) -> 30389 | J44: =SUMIFS(거래내역!$N$2:$N$896,거래내역!$AF$2:$AF$896,$A44,거래내역!$L$2:$L$896,"<>보유중",거래내역!$A$2:$A$896,2026) -> -42623
A46: 매수일 캔들 (종가 vs 시가)
A47: 구분 | B47: 건수 | C47: 익절 | D47: 손절 | E47: 승률 | F47: 손익합(원) | G47: 평균 수익률 | H47: 2024 손익 | I47: 2025 손익 | J47: 2026 손익
A48: 양봉 | B48: =COUNTIFS(거래내역!$AG$2:$AG$896,A48,거래내역!$L$2:$L$896,"<>보유중") -> 815 | C48: =COUNTIFS(거래내역!$AG$2:$AG$896,A48,거래내역!$L$2:$L$896,"익절") -> 189 | D48: =COUNTIFS(거래내역!$AG$2:$AG$896,A48,거래내역!$L$2:$L$896,"손절") -> 626 | E48: =IFERROR(C48/(C48+D48),0) -> 0.23190184 | F48: =SUMIFS(거래내역!$N$2:$N$896,거래내역!$AG$2:$AG$896,A48,거래내역!$L$2:$L$896,"<>보유중") -> 404845 | G48: =IFERROR(AVERAGEIFS(거래내역!$O$2:$O$896,거래내역!$AG$2:$AG$896,A48,거래내역!$L$2:$L$896,"<>보유중"),0) -> 0.0061770655 | H48: =SUMIFS(거래내역!$N$2:$N$896,거래내역!$AG$2:$AG$896,$A48,거래내역!$L$2:$L$896,"<>보유중",거래내역!$A$2:$A$896,2024) -> -28066 | I48: =SUMIFS(거래내역!$N$2:$N$896,거래내역!$AG$2:$AG$896,$A48,거래내역!$L$2:$L$896,"<>보유중",거래내역!$A$2:$A$896,2025) -> 403126 | J48: =SUMIFS(거래내역!$N$2:$N$896,거래내역!$AG$2:$AG$896,$A48,거래내역!$L$2:$L$896,"<>보유중",거래내역!$A$2:$A$896,2026) -> 29785
A49: 음봉·보합 | B49: =COUNTIFS(거래내역!$AG$2:$AG$896,A49,거래내역!$L$2:$L$896,"<>보유중") -> 51 | C49: =COUNTIFS(거래내역!$AG$2:$AG$896,A49,거래내역!$L$2:$L$896,"익절") -> 16 | D49: =COUNTIFS(거래내역!$AG$2:$AG$896,A49,거래내역!$L$2:$L$896,"손절") -> 35 | E49: =IFERROR(C49/(C49+D49),0) -> 0.31372549 | F49: =SUMIFS(거래내역!$N$2:$N$896,거래내역!$AG$2:$AG$896,A49,거래내역!$L$2:$L$896,"<>보유중") -> 136254 | G49: =IFERROR(AVERAGEIFS(거래내역!$O$2:$O$896,거래내역!$AG$2:$AG$896,A49,거래내역!$L$2:$L$896,"<>보유중"),0) -> 0.027364979 | H49: =SUMIFS(거래내역!$N$2:$N$896,거래내역!$AG$2:$AG$896,$A49,거래내역!$L$2:$L$896,"<>보유중",거래내역!$A$2:$A$896,2024) -> 3793 | I49: =SUMIFS(거래내역!$N$2:$N$896,거래내역!$AG$2:$AG$896,$A49,거래내역!$L$2:$L$896,"<>보유중",거래내역!$A$2:$A$896,2025) -> 114059 | J49: =SUMIFS(거래내역!$N$2:$N$896,거래내역!$AG$2:$AG$896,$A49,거래내역!$L$2:$L$896,"<>보유중",거래내역!$A$2:$A$896,2026) -> 18402
A51: 매수 요일
A52: 구분 | B52: 건수 | C52: 익절 | D52: 손절 | E52: 승률 | F52: 손익합(원) | G52: 평균 수익률 | H52: 2024 손익 | I52: 2025 손익 | J52: 2026 손익
A53: 월 | B53: =COUNTIFS(거래내역!$D$2:$D$896,A53,거래내역!$L$2:$L$896,"<>보유중") -> 160 | C53: =COUNTIFS(거래내역!$D$2:$D$896,A53,거래내역!$L$2:$L$896,"익절") -> 40 | D53: =COUNTIFS(거래내역!$D$2:$D$896,A53,거래내역!$L$2:$L$896,"손절") -> 120 | E53: =IFERROR(C53/(C53+D53),0) -> 0.25 | F53: =SUMIFS(거래내역!$N$2:$N$896,거래내역!$D$2:$D$896,A53,거래내역!$L$2:$L$896,"<>보유중") -> 125920 | G53: =IFERROR(AVERAGEIFS(거래내역!$O$2:$O$896,거래내역!$D$2:$D$896,A53,거래내역!$L$2:$L$896,"<>보유중"),0) -> 0.011138189 | H53: =SUMIFS(거래내역!$N$2:$N$896,거래내역!$D$2:$D$896,$A53,거래내역!$L$2:$L$896,"<>보유중",거래내역!$A$2:$A$896,2024) -> 14692 | I53: =SUMIFS(거래내역!$N$2:$N$896,거래내역!$D$2:$D$896,$A53,거래내역!$L$2:$L$896,"<>보유중",거래내역!$A$2:$A$896,2025) -> 67082 | J53: =SUMIFS(거래내역!$N$2:$N$896,거래내역!$D$2:$D$896,$A53,거래내역!$L$2:$L$896,"<>보유중",거래내역!$A$2:$A$896,2026) -> 44146
A54: 화 | B54: =COUNTIFS(거래내역!$D$2:$D$896,A54,거래내역!$L$2:$L$896,"<>보유중") -> 174 | C54: =COUNTIFS(거래내역!$D$2:$D$896,A54,거래내역!$L$2:$L$896,"익절") -> 33 | D54: =COUNTIFS(거래내역!$D$2:$D$896,A54,거래내역!$L$2:$L$896,"손절") -> 141 | E54: =IFERROR(C54/(C54+D54),0) -> 0.18965517 | F54: =SUMIFS(거래내역!$N$2:$N$896,거래내역!$D$2:$D$896,A54,거래내역!$L$2:$L$896,"<>보유중") -> -23769 | G54: =IFERROR(AVERAGEIFS(거래내역!$O$2:$O$896,거래내역!$D$2:$D$896,A54,거래내역!$L$2:$L$896,"<>보유중"),0) -> -0.0023228598 | H54: =SUMIFS(거래내역!$N$2:$N$896,거래내역!$D$2:$D$896,$A54,거래내역!$L$2:$L$896,"<>보유중",거래내역!$A$2:$A$896,2024) -> -67639 | I54: =SUMIFS(거래내역!$N$2:$N$896,거래내역!$D$2:$D$896,$A54,거래내역!$L$2:$L$896,"<>보유중",거래내역!$A$2:$A$896,2025) -> 60803 | J54: =SUMIFS(거래내역!$N$2:$N$896,거래내역!$D$2:$D$896,$A54,거래내역!$L$2:$L$896,"<>보유중",거래내역!$A$2:$A$896,2026) -> -16933
A55: 수 | B55: =COUNTIFS(거래내역!$D$2:$D$896,A55,거래내역!$L$2:$L$896,"<>보유중") -> 178 | C55: =COUNTIFS(거래내역!$D$2:$D$896,A55,거래내역!$L$2:$L$896,"익절") -> 43 | D55: =COUNTIFS(거래내역!$D$2:$D$896,A55,거래내역!$L$2:$L$896,"손절") -> 135 | E55: =IFERROR(C55/(C55+D55),0) -> 0.24157303 | F55: =SUMIFS(거래내역!$N$2:$N$896,거래내역!$D$2:$D$896,A55,거래내역!$L$2:$L$896,"<>보유중") -> 111573 | G55: =IFERROR(AVERAGEIFS(거래내역!$O$2:$O$896,거래내역!$D$2:$D$896,A55,거래내역!$L$2:$L$896,"<>보유중"),0) -> 0.009287082 | H55: =SUMIFS(거래내역!$N$2:$N$896,거래내역!$D$2:$D$896,$A55,거래내역!$L$2:$L$896,"<>보유중",거래내역!$A$2:$A$896,2024) -> 113907 | I55: =SUMIFS(거래내역!$N$2:$N$896,거래내역!$D$2:$D$896,$A55,거래내역!$L$2:$L$896,"<>보유중",거래내역!$A$2:$A$896,2025) -> 38774 | J55: =SUMIFS(거래내역!$N$2:$N$896,거래내역!$D$2:$D$896,$A55,거래내역!$L$2:$L$896,"<>보유중",거래내역!$A$2:$A$896,2026) -> -41108
A56: 목 | B56: =COUNTIFS(거래내역!$D$2:$D$896,A56,거래내역!$L$2:$L$896,"<>보유중") -> 170 | C56: =COUNTIFS(거래내역!$D$2:$D$896,A56,거래내역!$L$2:$L$896,"익절") -> 40 | D56: =COUNTIFS(거래내역!$D$2:$D$896,A56,거래내역!$L$2:$L$896,"손절") -> 130 | E56: =IFERROR(C56/(C56+D56),0) -> 0.23529412 | F56: =SUMIFS(거래내역!$N$2:$N$896,거래내역!$D$2:$D$896,A56,거래내역!$L$2:$L$896,"<>보유중") -> 91300 | G56: =IFERROR(AVERAGEIFS(거래내역!$O$2:$O$896,거래내역!$D$2:$D$896,A56,거래내역!$L$2:$L$896,"<>보유중"),0) -> 0.005495031 | H56: =SUMIFS(거래내역!$N$2:$N$896,거래내역!$D$2:$D$896,$A56,거래내역!$L$2:$L$896,"<>보유중",거래내역!$A$2:$A$896,2024) -> -25066 | I56: =SUMIFS(거래내역!$N$2:$N$896,거래내역!$D$2:$D$896,$A56,거래내역!$L$2:$L$896,"<>보유중",거래내역!$A$2:$A$896,2025) -> 152554 | J56: =SUMIFS(거래내역!$N$2:$N$896,거래내역!$D$2:$D$896,$A56,거래내역!$L$2:$L$896,"<>보유중",거래내역!$A$2:$A$896,2026) -> -36188
A57: 금 | B57: =COUNTIFS(거래내역!$D$2:$D$896,A57,거래내역!$L$2:$L$896,"<>보유중") -> 184 | C57: =COUNTIFS(거래내역!$D$2:$D$896,A57,거래내역!$L$2:$L$896,"익절") -> 49 | D57: =COUNTIFS(거래내역!$D$2:$D$896,A57,거래내역!$L$2:$L$896,"손절") -> 135 | E57: =IFERROR(C57/(C57+D57),0) -> 0.26630435 | F57: =SUMIFS(거래내역!$N$2:$N$896,거래내역!$D$2:$D$896,A57,거래내역!$L$2:$L$896,"<>보유중") -> 236075 | G57: =IFERROR(AVERAGEIFS(거래내역!$O$2:$O$896,거래내역!$D$2:$D$896,A57,거래내역!$L$2:$L$896,"<>보유중"),0) -> 0.013395293 | H57: =SUMIFS(거래내역!$N$2:$N$896,거래내역!$D$2:$D$896,$A57,거래내역!$L$2:$L$896,"<>보유중",거래내역!$A$2:$A$896,2024) -> -60167 | I57: =SUMIFS(거래내역!$N$2:$N$896,거래내역!$D$2:$D$896,$A57,거래내역!$L$2:$L$896,"<>보유중",거래내역!$A$2:$A$896,2025) -> 197972 | J57: =SUMIFS(거래내역!$N$2:$N$896,거래내역!$D$2:$D$896,$A57,거래내역!$L$2:$L$896,"<>보유중",거래내역!$A$2:$A$896,2026) -> 98270

Sheet 거래내역
A1: 연도 | B1: 매수월 | C1: 매수일(신호일) | D1: 요일 | E1: 종목코드 | F1: 종목명 | G1: 매수가 | H1: 수량 | I1: 매수금액 | J1: 매도일 | K1: 매도가 | L1: 결과 | M1: 보유일 | N1: 손익(원) | O1: 수익률 | P1: 보유중 최고 | Q1: 보유중 최저 | R1: 당일 상승률 | S1: 당일 거래대금(억) | T1: 20일 돌파폭 | U1: 20일평균 거래대금(억) | V1: 거래량 배수 | W1: 캔들 몸통(종/시) | X1: 윗꼬리(고/종) | Y1: 코스피 당일 | Z1: 코스피 5일 | AA1: 코스피 20일선 | AB1: 구간:코스피5일 | AC1: 구간:상승률 | AD1: 구간:거래대금 | AE1: 구간:돌파폭 | AF1: 구간:거래량배수 | AG1: 구간:캔들
A2: 2024 | B2: 2024-01 | C2: 45293 | D2: 화 | E2: 222800 | F2: 심텍 | G2: 42242 | H2: 2 | I2: 84484 | J2: 45294 | K2: 40210 | L2: 손절 | M2: 1 | N2: -4234 | O2: -0.050120385 | P2: 0.0013682999 | Q2: -0.04834502 | R2: 0.096103896 | S2: 87684805800 | T2: 0.087628866 | U2: 17067853480 | V2: 4.5781562 | W2: 0.094682231 | X2: 0.0047393365 | Y2: 0.0054721159 | Z2: 0.026842101 | AA2: 위 | AB2: 5일 상승 | AC2: 3) +5% ~ +10% | AD2: 3) 500억 ~ 1,000억 | AE2: 3) +5% ~ +10% | AF2: 3) 3배 ~ 5배 | AG2: 양봉
A3: 2024 | B3: 2024-01 | C3: 45293 | D3: 화 | E3: 094360 | F3: 칩스앤미디어 | G3: 34384 | H3: 2 | I3: 68769 | J3: 45294 | K3: 32717 | L3: 손절 | M3: 1 | N3: -3472 | O3: -0.050489723 | P3: 0.073162645 | Q3: -0.047531799 | R3: 0.078492936 | S3: 73617374250 | T3: 0.076802508 | U3: 5.1819363e+10 | V3: 1.2727388 | W3: 0.076802508 | X3: 0.0043668122 | Y3: 0.0054721159 | Z3: 0.026842101 | AA3: 위 | AB3: 5일 상승 | AC3: 3) +5% ~ +10% | AD3: 3) 500억 ~ 1,000억 | AE3: 3) +5% ~ +10% | AF3: 1) 2배 미만 | AG3: 양봉
A4: 2024 | B4: 2024-01 | C4: 45293 | D4: 화 | E4: 034220 | F4: LG디스플레이 | G4: 12352 | H4: 8 | I4: 98815 | J4: 45322 | K4: 11758 | L4: 손절 | M4: 21 | N4: -4947 | O4: -0.050066188 | P4: 0.09553368 | Q4: -0.093253911 | R4: 0.047880691 | S4: 35407724400 | T4: 0.018306636 | U4: 21400589342 | V4: 1.5378143 | W4: 0.047880691 | X4: 0.012734082 | Y4: 0.0054721159 | Z4: 0.026842101 | AA4: 위 | AB4: 5일 상승 | AC4: 2) +3% ~ +5% | AD4: 2) 300억 ~ 500억 | AE4: 1) +2% 미만 | AF4: 1) 2배 미만 | AG4: 양봉
A5: 2024 | B5: 2024-01 | C5: 45294 | D5: 수 | E5: 445180 | F5: 퓨릿 | G5: 13994 | H5: 7 | I5: 97958 | J5: 45295 | K5: 13317 | L5: 손절 | M5: 1 | N5: -4938 | O5: -0.050405718 | P5: -0.00314278 | Q5: -0.048876731 | R5: 0.23280423 | S5: 215546701620 | T5: 0.17974684 | U5: 3431905414 | V5: 50.602239 | W5: 0.214596 | X5: 0.054363376 | Y5: -0.023409906 | Z5: 0.0030005655 | AA5: 위 | AB5: 5일 상승 | AC5: 6) +20% 이상 | AD5: 5) 2,000억 이상 | AE5: 4) +10% 이상 | AF5: 5) 10배 이상 | AG5: 양봉
A6: 2024 | B6: 2024-01 | C6: 45294 | D6: 수 | E6: 065350 | F6: 신성델타테크 | G6: 43293 | H6: 2 | I6: 86586 | J6: 45295 | K6: 52000 | L6: 익절 | M6: 1 | N6: 17198 | O6: 0.19861886 | P6: 0.29812384 | Q6: -0.016012889 | R6: 0.040914561 | S6: 51222099500 | T6: 0.040914561 | U6: 5.778406e+10 | V6: 0.76844766 | W6: 0.039663462 | X6: 0.020809249 | Y6: -0.023409906 | Z6: 0.0030005655 | AA6: 위 | AB6: 5일 상승 | AC6: 2) +3% ~ +5% | AD6: 3) 500억 ~ 1,000억 | AE6: 2) +2% ~ +5% | AF6: 1) 2배 미만 | AG6: 양봉
A7: 2024 | B7: 2024-01 | C7: 45294 | D7: 수 | E7: 189300 | F7: 인텔리안테크 | G7: 81081 | H7: 1 | I7: 81081 | J7: 45296 | K7: 77123 | L7: 손절 | M7: 2 | N7: -4121 | O7: -0.050822654 | P7: 0.016267683 | Q7: -0.071299071 | R7: 0.078561917 | S7: 43903458000 | T7: 0.037131882 | U7: 6282555405 | V7: 6.3462762 | W7: 0.084337349 | X7: 0 | Y7: -0.023409906 | Z7: 0.0030005655 | AA7: 위 | AB7: 5일 상승 | AC7: 3) +5% ~ +10% | AD7: 2) 300억 ~ 500억 | AE7: 2) +2% ~ +5% | AF7: 4) 5배 ~ 10배 | AG7: 양봉
A8: 2024 | B8: 2024-01 | C8: 45294 | D8: 수 | E8: 182400 | F8: 엔케이젠바이오텍코리아 | G8: 13750 | H8: 7 | I8: 96253 | J8: 45295 | K8: 13087 | L8: 손절 | M8: 1 | N8: -4838 | O8: -0.050258708 | P8: 0.0043077772 | Q8: -0.051413394 | R8: 0.16203704 | S8: 40886394000 | T8: 0.11143911 | U8: 5170733909 | V8: 6.6095671 | W8: 0.15668203 | X8: 0.088977424 | Y8: -0.023409906 | Z8: 0.0030005655 | AA8: 위 | AB8: 5일 상승 | AC8: 5) +15% ~ +20% | AD8: 2) 300억 ~ 500억 | AE8: 4) +10% 이상 | AF8: 4) 5배 ~ 10배 | AG8: 양봉
A9: 2024 | B9: 2024-01 | C9: 45294 | D9: 수 | E9: 033100 | F9: 제룡전기 | G9: 22072 | H9: 4 | I9: 88288 | J9: 45320 | K9: 20979 | L9: 손절 | M9: 18 | N9: -4549 | O9: -0.051525339 | P9: 0.060164325 | Q9: -0.048570477 | R9: 0.080882353 | S9: 33862162950 | T9: 0.04009434 | U9: 5.0385537e+09 | V9: 6.1103282 | W9: 0.080882353 | X9: 0.0430839 | Y9: -0.023409906 | Z9: 0.0030005655 | AA9: 위 | AB9: 5일 상승 | AC9: 3) +5% ~ +10% | AD9: 2) 300억 ~ 500억 | AE9: 2) +2% ~ +5% | AF9: 4) 5배 ~ 10배 | AG9: 양봉
A10: 2024 | B10: 2024-01 | C10: 45294 | D10: 수 | E10: 336260 | F10: 두산퓨얼셀 | G10: 24524 | H10: 4 | I10: 98098 | J10: 45295 | K10: 23327 | L10: 손절 | M10: 1 | N10: -4988 | O10: -0.05084775 | P10: -0.0050765561 | Q10: -0.047890885 | R10: 0.044776119 | S10: 25746413000 | T10: 0.044776119 | U10: 7.8778312e+09 | V10: 2.9890405 | W10: 0.056034483 | X10: 0.020408163 | Y10: -0.023409906 | Z10: 0.0030005655 | AA10: 위 | AB10: 5일 상승 | AC10: 2) +3% ~ +5% | AD10: 1) 300억 미만 | AE10: 2) +2% ~ +5% | AF10: 2) 2배 ~ 3배 | AG10: 양봉
A11: 2024 | B11: 2024-01 | C11: 45295 | D11: 목 | E11: 047310 | F11: 파워로직스 | G11: 7638 | H11: 13 | I11: 99289 | J11: 45296 | K11: 7263 | L11: 손절 | M11: 1 | N11: -5073 | O11: -0.05109019 | P11: -0.000999001 | Q11: -0.073010869 | R11: 0.13204748 | S11: 60691026690 | T11: 0.13204748 | U11: 4.7817861e+09 | V11: 10.917199 | W11: 0.13541667 | X11: 0.076015727 | Y11: -0.0077819669 | Z11: -0.005982502 | AA11: 위 | AB11: 5일 하락 | AC11: 4) +10% ~ +15% | AD11: 3) 500억 ~ 1,000억 | AE11: 4) +10% 이상 | AF11: 5) 10배 이상 | AG11: 양봉
A12: 2024 | B12: 2024-01 | C12: 45295 | D12: 목 | E12: 110990 | F12: 디아이티 | G12: 21371 | H12: 4 | I12: 85485 | J12: 45296 | K12: 20330 | L12: 손절 | M12: 1 | N12: -4338 | O12: -0.050747778 | P12: -0.0033385818 | Q12: -0.064635599 | R12: 0.14784946 | S12: 47282222400 | T12: 0.031400966 | U12: 5914969461 | V12: 7.1432179 | W12: 0.15405405 | X12: 0.037470726 | Y12: -0.0077819669 | Z12: -0.005982502 | AA12: 위 | AB12: 5일 하락 | AC12: 4) +10% ~ +15% | AD12: 2) 300억 ~ 500억 | AE12: 2) +2% ~ +5% | AF12: 4) 5배 ~ 10배 | AG12: 양봉
A13: 2024 | B13: 2024-01 | C13: 45295 | D13: 목 | E13: 214680 | F13: 디알텍 | G13: 23073 | H13: 4 | I13: 92292 | J13: 45306 | K13: 21928 | L13: 손절 | M13: 7 | N13: -4765 | O13: -0.051628227 | P13: 0.10301846 | Q13: -0.076845064 | R13: 0.038288288 | S13: 45050233850 | T13: 0.024444444 | U13: 11957694916 | V13: 3.4438435 | W13: 0.022172949 | X13: 0.071583514 | Y13: -0.0077819669 | Z13: -0.005982502 | AA13: 위 | AB13: 5일 하락 | AC13: 2) +3% ~ +5% | AD13: 2) 300억 ~ 500억 | AE13: 2) +2% ~ +5% | AF13: 3) 3배 ~ 5배 | AG13: 양봉
... A173: 2024 | B173: 2024-06 | C173: 45464 | D173: 금 | E173: 017510 | F173: 세명전기 | G173: 5776 | H173: 17 | I173: 98188 | J173: 45468 | K173: 5435 | L173: 손절 | M173: 2 | N173: -5995 | O173: -0.061060907 | P173: 0.24831841 | Q173: -0.066791095 | R173: 0.11389961 | S173: 93478500600 | T173: 0.0052264808 | U173: 2.3239748e+10 | V173: 3.8306453 | W173: 0.11389961 | X173: 0.071057192 | Y173: -0.0083237464 | Z173: 0.0093676815 | AA173: 위 | AB173: 5일 상승 | AC173: 4) +10% ~ +15% | AD173: 3) 500억 ~ 1,000억 | AE173: 1) +2% 미만 | AF173: 3) 3배 ~ 5배 | AG173: 양봉
A174: 2024 | B174: 2024-06 | C174: 45464 | D174: 금 | E174: 017670 | F174: SK텔레콤 | G174: 52252 | H174: 1 | I174: 52252 | L174: 보유중 | M174: 128 | N174: 34648 | O174: 0.66691546 | P174: 1.669744 | Q174: -0.035447311 | R174: 0.01953125 | S174: 37809243000 | T174: 0.0038461538 | U174: 25437121490 | V174: 1.4618365 | W174: 0.01754386 | X174: 0 | Y174: -0.0083237464 | Z174: 0.0093676815 | AA174: 위 | AB174: 5일 상승 | AC174: 1) +3% 미만 | AD174: 2) 300억 ~ 500억 | AE174: 1) +2% 미만 | AF174: 1) 2배 미만 | AG174: 양봉
A175: 2024 | B175: 2024-06 | C175: 45467 | D175: 월 | E175: 017860 | F175: DS단석 | G175: 40990 | H175: 2 | I175: 81980 | J175: 45475 | K175: 39011 | L175: 손절 | M175: 6 | N175: -4123 | O175: -0.050291144 | P175: 0.15601011 | Q175: -0.066894018 | R175: 0.17511962 | S175: 132037752800 | T175: 0.10730388 | U175: 10681584115 | V175: 9.8990236 | W175: 0.17511962 | X175: 0.095276873 | Y175: -0.0070144311 | Z175: 0.0075179476 | AA175: 위 | AB175: 5일 상승 | AC175: 5) +15% ~ +20% | AD175: 4) 1,000억 ~ 2,000억 | AE175: 4) +10% 이상 | AF175: 4) 5배 ~ 10배 | AG175: 양봉
A176: 2024 | B176: 2024-06 | C176: 45468 | D176: 화 | E176: 028300 | F176: HLB | G176: 72873 | H176: 1 | I176: 72873 | J176: 45469 | K176: 69331 | L176: 손절 | M176: 1 | N176: -3688 | O176: -0.0506132 | P176: -0.0023712551 | Q176: -0.1656695 | R176: 0.1030303 | S176: 447991616800 | T176: 0.10136157 | U176: 240300965155 | V176: 1.5830769 | W176: 0.10136157 | X176: 0.013736264 | Y176: 0.0034940121 | Z176: 0.0037880981 | AA176: 위 | AB176: 5일 상승 | AC176: 4) +10% ~ +15% | AD176: 5) 2,000억 이상 | AE176: 4) +10% 이상 | AF176: 1) 2배 미만 | AG176: 양봉
A177: 2024 | B177: 2024-06 | C177: 45468 | D177: 화 | E177: 016360 | F177: 삼성증권 | G177: 38338 | H177: 2 | I177: 76677 | J177: 45490 | K177: 46050 | L177: 익절 | M177: 16 | N177: 15232 | O177: 0.19865648 | P177: 0.20375708 | Q177: -0.019257505 | R177: 0.018617021 | S177: 20152885500 | T177: 0.003931848 | U177: 3.4495629e+10 | V177: 0.55620409 | W177: 0.011889036 | X177: 0.0052219321 | Y177: 0.0034940121 | Z177: 0.0037880981 | AA177: 위 | AB177: 5일 상승 | AC177: 1) +3% 미만 | AD177: 1) 300억 미만 | AE177: 1) +2% 미만 | AF177: 1) 2배 미만 | AG177: 양봉
A178: 2024 | B178: 2024-06 | C178: 45469 | D178: 수 | E178: 095610 | F178: 테스 | G178: 26526 | H178: 3 | I178: 79579 | J178: 45475 | K178: 25225 | L178: 손절 | M178: 4 | N178: -4065 | O178: -0.051077874 | P178: 0.048008595 | Q178: -0.059431135 | R178: 0.18834081 | S178: 92721777500 | T178: 0.11111111 | U178: 6746299760 | V178: 12.05032 | W178: 0.18834081 | X178: 0.016981132 | Y178: 0.0063653632 | Z178: -0.0018875142 | AA178: 위 | AB178: 5일 하락 | AC178: 5) +15% ~ +20% | AD178: 3) 500억 ~ 1,000억 | AE178: 4) +10% 이상 | AF178: 5) 10배 이상 | AG178: 양봉
A179: 2024 | B179: 2024-06 | C179: 45469 | D179: 수 | E179: 078150 | F179: HB테크놀러지 | G179: 3609 | H179: 27 | I179: 97432 | J179: 45482 | K179: 4335 | L179: 익절 | M179: 9 | N179: 19370 | O179: 0.19880271 | P179: 0.29135774 | Q179: -0.041180733 | R179: 0.032951289 | S179: 25921222565 | T179: 0.01980198 | U179: 1.9121242e+10 | V179: 1.2283249 | W179: 0.02853067 | X179: 0.0083217753 | Y179: 0.0063653632 | Z179: -0.0018875142 | AA179: 위 | AB179: 5일 하락 | AC179: 2) +3% ~ +5% | AD179: 1) 300억 미만 | AE179: 1) +2% 미만 | AF179: 1) 2배 미만 | AG179: 양봉
A180: 2024 | B180: 2024-07 | C180: 45475 | D180: 화 | E180: 105560 | F180: KB금융 | G180: 83283 | H180: 1 | I180: 83283 | J180: 45509 | K180: 77323 | L180: 손절 | M180: 24 | N180: -6124 | O180: -0.073530695 | P180: 0.10946746 | Q180: -0.11146546 | R180: 0.045226131 | S180: 263257529600 | T180: 0.027160494 | U180: 85336391780 | V180: 2.9350592 | W180: 0.041301627 | X180: 0.021634615 | Y180: -0.0083621283 | Z180: 0.0023320442 | AA180: 위 | AB180: 5일 상승 | AC180: 2) +3% ~ +5% | AD180: 5) 2,000억 이상 | AE180: 2) +2% ~ +5% | AF180: 2) 2배 ~ 3배 | AG180: 양봉
A181: 2024 | B181: 2024-07 | C181: 45475 | D181: 화 | E181: 439580 | F181: 블루엠텍 | G181: 5171 | H181: 19 | I181: 98258 | J181: 45477 | K181: 4920 | L181: 손절 | M181: 2 | N181: -4974 | O181: -0.050619724 | P181: 0.064139218 | Q181: -0.055818294 | R181: 0.16729465 | S181: 249826515050 | T181: 0.13313826 | U181: 4.3096307e+09 | V181: 48.403755 | W181: 0.17526555 | X181: 0.05551969 | Y181: -0.0083621283 | Z181: 0.0023320442 | AA181: 위 | AB181: 5일 상승 | AC181: 5) +15% ~ +20% | AD181: 5) 2,000억 이상 | AE181: 4) +10% 이상 | AF181: 5) 10배 이상 | AG181: 양봉
A182: 2024 | B182: 2024-07 | C182: 45475 | D182: 화 | E182: 086790 | F182: 하나금융지주 | G182: 62963 | H182: 1 | I182: 62963 | J182: 45509 | K182: 59440 | L182: 손절 | M182: 24 | N182: -3648 | O182: -0.057934965 | P182: 0.076824606 | Q182: -0.11217558 | R182: 0.044850498 | S182: 86931448200 | T182: 0.0031897927 | U182: 38896343160 | V182: 2.1314203 | W182: 0.044850498 | X182: 0.0015898251 | Y182: -0.0083621283 | Z182: 0.0023320442 | AA182: 위 | AB182: 5일 상승 | AC182: 2) +3% ~ +5% | AD182: 3) 500억 ~ 1,000억 | AE182: 1) +2% 미만 | AF182: 2) 2배 ~ 3배 | AG182: 양봉
A183: 2024 | B183: 2024-07 | C183: 45477 | D183: 목 | E183: 335890 | F183: 비올 | G183: 11341 | H183: 8 | I183: 90731 | J183: 45483 | K183: 10689 | L183: 손절 | M183: 4 | N183: -5397 | O183: -0.059479385 | P183: 0.048377924 | Q183: -0.063601888 | R183: 0.072916667 | S183: 113479274590 | T183: 0.063849765 | U183: 18662522646 | V183: 5.5151772 | W183: 0.083173996 | X183: 0.012356575 | Y183: 0.011070111 | Z183: 0.014683592 | AA183: 위 | AB183: 5일 상승 | AC183: 3) +5% ~ +10% | AD183: 4) 1,000억 ~ 2,000억 | AE183: 3) +5% ~ +10% | AF183: 4) 5배 ~ 10배 | AG183: 양봉
A184: 2024 | B184: 2024-07 | C184: 45482 | D184: 화 | E184: 034020 | F184: 두산에너빌리티 | G184: 22272 | H184: 4 | I184: 89089 | J184: 45485 | K184: 20779 | L184: 손절 | M184: 3 | N184: -6148 | O184: -0.069005614 | P184: 0.0034908911 | Q184: -0.10336854 | R184: 0.05952381 | S184: 615706561250 | T184: 0.052009456 | U184: 147157803347 | V184: 3.8098955 | W184: 0.042154567 | X184: 0.002247191 | Y184: 0.0033662729 | Z184: 0.031112677 | AA184: 위 | AB184: 5일 상승 | AC184: 3) +5% ~ +10% | AD184: 5) 2,000억 이상 | AE184: 3) +5% ~ +10% | AF184: 3) 3배 ~ 5배 | AG184: 양봉
A185: 2024 | B185: 2024-07 | C185: 45483 | D185: 수 | E185: 251270 | F185: 넷마블 | G185: 58258 | H185: 1 | I185: 58258 | J185: 45513 | K185: 72000 | L185: 익절 | M185: 22 | N185: 13593 | O185: 0.23331756 | P185: 0.23759402 | Q185: -0.028462946 | R185: 0.024647887 | S185: 259364400600 | T185: 0.0034482759 | U185: 9052667040 | V185: 27.262048 | W185: 0.024647887 | X185: 0.015463918 | Y185: 0.00021273776 | Z185: 0.026478073 | AA185: 위 | AB185: 5일 상승 | AC185: 1) +3% 미만 | AD185: 5) 2,000억 이상 | AE185: 1) +2% 미만 | AF185: 5) 10배 이상 | AG185: 양봉
A186: 2024 | B186: 2024-07 | C186: 45483 | D186: 수 | E186: 010120 | F186: LS ELECTRIC | G186: 44945 | H186: 2 | I186: 89890 | J186: 45491 | K186: 42757 | L186: 손절 | M186: 6 | N186: -4556 | O186: -0.050680239 | P186: 0.05017477 | Q186: -0.07219729 | R186: 0.05399061 | S186: 241589164500 | T186: 0.01814059 | U186: 140138056975 | V186: 1.5634493 | W186: 0.041763341 | X186: 0.020044543 | Y186: 0.00021273776 | Z186: 0.026478073 | AA186: 위 | AB186: 5일 상승 | AC186: 3) +5% ~ +10% | AD186: 5) 2,000억 이상 | AE186: 1) +2% 미만 | AF186: 1) 2배 미만 | AG186: 양봉
... A315: 2024 | B315: 2024-12 | C315: 45639 | D315: 금 | E315: 010120 | F315: LS ELECTRIC | G315: 31491 | H315: 3 | I315: 94474 | J315: 45646 | K315: 29970 | L315: 손절 | M315: 5 | N315: -4754 | O315: -0.050319205 | P315: 0.032025825 | Q315: -0.053076612 | R315: 0.01483871 | S315: 37786763300 | T315: 0.0076873799 | U315: 42061504110 | V315: 0.83476314 | W315: 0.014184397 | X315: 0 | Y315: 0.0049715566 | Z315: 0.027304626 | AA315: 위 | AB315: 5일 상승 | AC315: 1) +3% 미만 | AD315: 2) 300억 ~ 500억 | AE315: 1) +2% 미만 | AF315: 1) 2배 미만 | AG315: 양봉
A316: 2024 | B316: 2024-12 | C316: 45639 | D316: 금 | E316: 103590 | F316: 일진전기 | G316: 25776 | H316: 3 | I316: 77327 | L316: 보유중 | M316: 10 | N316: 167222 | O316: 2.1696459 | P316: 4.7379514 | Q316: -0.23183613 | R316: 0.021825397 | S316: 29738700750 | T316: 0.017786561 | U316: 19569781650 | V316: 1.3458222 | W316: 0.021825397 | X316: 0.034951456 | Y316: 0.0049715566 | Z316: 0.027304626 | AA316: 위 | AB316: 5일 상승 | AC316: 1) +3% 미만 | AD316: 1) 300억 미만 | AE316: 1) +2% 미만 | AF316: 1) 2배 미만 | AG316: 양봉
A317: 2024 | B317: 2024-12 | C317: 45639 | D317: 금 | E317: 462870 | F317: 시프트업 | G317: 63163 | H317: 1 | I317: 63163 | J317: 45642 | K317: 60040 | L317: 손절 | M317: 1 | N317: -3250 | O317: -0.051450171 | P317: -0.0057486096 | Q317: -0.051661492 | R317: 0.12078153 | S317: 27264121800 | T317: 0.03442623 | U317: 7.3180435e+09 | V317: 3.2605071 | W317: 0.10896309 | X317: 0 | Y317: 0.0049715566 | Z317: 0.027304626 | AA317: 위 | AB317: 5일 상승 | AC317: 4) +10% ~ +15% | AD317: 1) 300억 미만 | AE317: 2) +2% ~ +5% | AF317: 3) 3배 ~ 5배 | AG317: 양봉
A318: 2024 | B318: 2024-12 | C318: 45639 | D318: 금 | E318: 166480 | F318: 코아스템켐온 | G318: 12291 | H318: 8 | I318: 98325 | J318: 45644 | K318: 8824 | L318: 손절 | M318: 3 | N318: -27888 | O318: -0.2836279 | P318: 0.08317866 | Q318: -0.28135931 | R318: 0.19766472 | S318: 21631774760 | T318: 0.12893082 | U318: 3.0019739e+09 | V318: 5.8786575 | W318: 0.18677686 | X318: 0.044568245 | Y318: 0.0049715566 | Z318: 0.027304626 | AA318: 위 | AB318: 5일 상승 | AC318: 5) +15% ~ +20% | AD318: 1) 300억 미만 | AE318: 4) +10% 이상 | AF318: 4) 5배 ~ 10배 | AG318: 양봉
A319: 2024 | B319: 2024-12 | C319: 45642 | D319: 월 | E319: 006340 | F319: 대원전선 | G319: 3213 | H319: 30 | I319: 96396 | J319: 45646 | K319: 3002 | L319: 손절 | M319: 4 | N319: -6527 | O319: -0.067705152 | P319: 0.18261801 | Q319: -0.11614865 | R319: 0.26627219 | S319: 143797214400 | T319: 0.15260323 | U319: 3.3282124e+09 | V319: 34.582234 | W319: 0.19109462 | X319: 0.026479751 | Y319: -0.0022008771 | Z319: 0.054389176 | AA319: 위 | AB319: 5일 상승 | AC319: 6) +20% 이상 | AD319: 4) 1,000억 ~ 2,000억 | AE319: 4) +10% 이상 | AF319: 5) 10배 이상 | AG319: 양봉
A320: 2024 | B320: 2024-12 | C320: 45642 | D320: 월 | E320: 001440 | F320: 대한전선 | G320: 12052 | H320: 8 | I320: 96416 | J320: 45645 | K320: 11419 | L320: 손절 | M320: 3 | N320: -5260 | O320: -0.054558732 | P320: 0.014765965 | Q320: -0.058250719 | R320: 0.044232437 | S320: 59395800240 | T320: 0.0083752094 | U320: 1.6606316e+10 | V320: 3.3607139 | W320: 0.029059829 | X320: 0.024916944 | Y320: -0.0022008771 | Z320: 0.054389176 | AA320: 위 | AB320: 5일 상승 | AC320: 2) +3% ~ +5% | AD320: 3) 500억 ~ 1,000억 | AE320: 1) +2% 미만 | AF320: 3) 3배 ~ 5배 | AG320: 양봉
A321: 2024 | B321: 2024-12 | C321: 45643 | D321: 화 | E321: 445090 | F321: 에이직랜드 | G321: 34885 | H321: 2 | I321: 69770 | J321: 45652 | K321: 33167 | L321: 손절 | M321: 6 | N321: -3576 | O321: -0.051253137 | P321: 0.16096242 | Q321: -0.054030618 | R321: 0.29074074 | S321: 161003410450 | T321: 0.22495606 | U321: 6448659195 | V321: 18.907278 | W321: 0.21640489 | X321: 0.0071736011 | Y321: -0.012921007 | Z321: 0.016117692 | AA321: 아래 | AB321: 5일 상승 | AC321: 6) +20% 이상 | AD321: 4) 1,000억 ~ 2,000억 | AE321: 4) +10% 이상 | AF321: 5) 10배 이상 | AG321: 양봉
A322: 2024 | B322: 2024-12 | C322: 45643 | D322: 화 | E322: 042700 | F322: 한미반도체 | G322: 86787 | H322: 1 | I322: 86787 | J322: 45645 | K322: 82118 | L322: 손절 | M322: 2 | N322: -4842 | O322: -0.055792509 | P322: 0.017437004 | Q322: -0.055154764 | R322: 0.034606205 | S322: 112413572700 | T322: 0.029691211 | U322: 53695733970 | V322: 1.9070343 | W322: 0.026035503 | X322: 0.026528258 | Y322: -0.012921007 | Z322: 0.016117692 | AA322: 아래 | AB322: 5일 상승 | AC322: 2) +3% ~ +5% | AD322: 4) 1,000억 ~ 2,000억 | AE322: 2) +2% ~ +5% | AF322: 1) 2배 미만 | AG322: 양봉
A323: 2024 | B323: 2024-12 | C323: 45644 | D323: 수 | E323: 321820 | F323: 아티스트컴퍼니 | G323: 20020 | H323: 4 | I323: 80080 | J323: 45645 | K323: 18931 | L323: 손절 | M323: 1 | N323: -4515 | O323: -0.05638704 | P323: 0.0064935065 | Q323: -0.075424575 | R323: 0.12044818 | S323: 98357560000 | T323: 0.082251082 | U323: 1.4838612e+10 | V323: 5.1757314 | W323: 0.11234705 | X323: 0.0675 | Y323: 0.011242221 | Z323: 0.017162673 | AA323: 위 | AB323: 5일 상승 | AC323: 4) +10% ~ +15% | AD323: 3) 500억 ~ 1,000억 | AE323: 3) +5% ~ +10% | AF323: 4) 5배 ~ 10배 | AG323: 양봉
A324: 2024 | B324: 2024-12 | C324: 45646 | D324: 금 | E324: 333430 | F324: 일승 | G324: 4595 | H324: 21 | I324: 96486 | J324: 45650 | K324: 4371 | L324: 손절 | M324: 2 | N324: -4897 | O324: -0.050750319 | P324: 0.049059873 | Q324: -0.060852002 | R324: 0.085106383 | S324: 152704558530 | T324: 0.026845638 | U324: 1.6701943e+10 | V324: 8.3748789 | W324: 0.06993007 | X324: 0.1416122 | Y324: -0.013046352 | Z324: -0.036204229 | AA324: 아래 | AB324: 5일 하락 | AC324: 3) +5% ~ +10% | AD324: 4) 1,000억 ~ 2,000억 | AE324: 2) +2% ~ +5% | AF324: 4) 5배 ~ 10배 | AG324: 양봉
A325: 2024 | B325: 2024-12 | C325: 45646 | D325: 금 | E325: 389470 | F325: 인벤티지랩 | G325: 17437 | H325: 5 | I325: 87187 | J325: 45656 | K325: 20950 | L325: 익절 | M325: 5 | N325: 17346 | O325: 0.1989464 | P325: 0.32186986 | Q325: -0.032540364 | R325: 0.14454665 | S325: 43283892080 | T325: 0.0040345821 | U325: 7.0272427e+09 | V325: 5.2930356 | W325: 0.12387097 | X325: 0.04075775 | Y325: -0.013046352 | Z325: -0.036204229 | AA325: 아래 | AB325: 5일 하락 | AC325: 4) +10% ~ +15% | AD325: 2) 300억 ~ 500억 | AE325: 1) +2% 미만 | AF325: 4) 5배 ~ 10배 | AG325: 양봉
A326: 2024 | B326: 2024-12 | C326: 45649 | D326: 월 | E326: 232140 | F326: 와이씨 | G326: 10741 | H326: 9 | I326: 96667 | J326: 45656 | K326: 10200 | L326: 손절 | M326: 4 | N326: -5062 | O326: -0.052365221 | P326: 0.019483778 | Q326: -0.062447338 | R326: 0.14882227 | S326: 50227505550 | T326: 0.021904762 | U326: 10696970661 | V326: 4.2127293 | W326: 0.1378579 | X326: 0.024231128 | Y326: 0.015747769 | Z326: -0.018867242 | AA326: 아래 | AB326: 5일 하락 | AC326: 4) +10% ~ +15% | AD326: 3) 500억 ~ 1,000억 | AE326: 2) +2% ~ +5% | AF326: 3) 3배 ~ 5배 | AG326: 양봉
A327: 2024 | B327: 2024-12 | C327: 45650 | D327: 화 | E327: 007660 | F327: 이수페타시스 | G327: 26966 | H327: 3 | I327: 80897 | L327: 보유중 | M327: 3 | N327: 275006 | O327: 3.409294 | P327: 5.0966185 | Q327: -0.096571299 | R327: 0.051233397 | S327: 227491568400 | T327: 0.035514019 | U327: 141549006750 | V327: 1.4434234 | W327: -0.028070175 | X327: 0.061371841 | Y327: -0.00061015311 | Z327: -0.0066305494 | AA327: 아래 | AB327: 5일 하락 | AC327: 3) +5% ~ +10% | AD327: 5) 2,000억 이상 | AE327: 2) +2% ~ +5% | AF327: 1) 2배 미만 | AG327: 음봉·보합
A328: 2024 | B328: 2024-12 | C328: 45650 | D328: 화 | E328: 033100 | F328: 제룡전기 | G328: 47447 | H328: 2 | I328: 94895 | J328: 45653 | K328: 45155 | L328: 손절 | M328: 2 | N328: -4776 | O328: -0.050324548 | P328: 0.01270038 | Q328: -0.055796524 | R328: 0.01607717 | S328: 62258478000 | T328: 0.01607717 | U328: 13779954760 | V328: 4.067519 | W328: 0.010660981 | X328: 0.092827004 | Y328: -0.00061015311 | Z328: -0.0066305494 | AA328: 아래 | AB328: 5일 하락 | AC328: 1) +3% 미만 | AD328: 3) 500억 ~ 1,000억 | AE328: 1) +2% 미만 | AF328: 3) 3배 ~ 5배 | AG328: 양봉
A329: 2024 | B329: 2024-12 | C329: 45652 | D329: 목 | E329: 042660 | F329: 한화오션 | G329: 37788 | H329: 2 | I329: 75575 | L329: 보유중 | M329: 2 | N329: 83263 | O329: 1.1065028 | P329: 3.0965657 | Q329: -0.039371225 | R329: 0.048611111 | S329: 295903790250 | T329: 0.037087912 | U329: 1.3292088e+11 | V329: 1.9887215 | W329: 0.037087912 | X329: 0.013245033 | Y329: -0.0044457739 | Z329: -0.022041273 | AA329: 아래 | AB329: 5일 하락 | AC329: 2) +3% ~ +5% | AD329: 5) 2,000억 이상 | AE329: 2) +2% ~ +5% | AF329: 1) 2배 미만 | AG329: 양봉
A330: 2024 | B330: 2024-12 | C330: 45652 | D330: 목 | E330: 160190 | F330: 하이젠알앤엠 | G330: 12773 | H330: 7 | I330: 89409 | J330: 45653 | K330: 12158 | L330: 손절 | M330: 1 | N330: -4484 | O330: -0.050149982 | P330: 0.015442238 | Q330: -0.063632292 | R330: 0.18038853 | S330: 135018230160 | T330: 0.11441048 | U330: 1.0136221e+10 | V330: 10.96678 | W330: 0.14336918 | X330: 0.05015674 | Y330: -0.0044457739 | Z330: -0.022041273 | AA330: 아래 | AB330: 5일 하락 | AC330: 5) +15% ~ +20% | AD330: 4) 1,000억 ~ 2,000억 | AE330: 4) +10% 이상 | AF330: 5) 10배 이상 | AG330: 양봉
A331: 2024 | B331: 2024-12 | C331: 45652 | D331: 목 | E331: 115450 | F331: HLB테라퓨틱스 | G331: 10485 | H331: 9 | I331: 94364 | L331: 보유중 | M331: 2 | N331: -76535 | O331: -0.8104895 | P331: 0.23793018 | Q331: -0.8720065 | R331: 0.073488372 | S331: 29443271400 | T331: 0.026690391 | U331: 7.6209447e+09 | V331: 3.5242061 | W331: 0.079513564 | X331: 0.025996534 | Y331: -0.0044457739 | Z331: -0.022041273 | AA331: 아래 | AB331: 5일 하락 | AC331: 3) +5% ~ +10% | AD331: 1) 300억 미만 | AE331: 2) +2% ~ +5% | AF331: 3) 3배 ~ 5배 | AG331: 양봉
A332: 2024 | B332: 2024-12 | C332: 45653 | D332: 금 | E332: 437730 | F332: 삼현 | G332: 9019 | H332: 11 | I332: 99209 | L332: 보유중 | M332: 1 | N332: 470420 | O332: 4.7545119 | P332: 7.5264347 | Q332: -0.10078822 | R332: 0.18552632 | S332: 222806460970 | T332: 0.10552147 | U332: 1.0302196e+10 | V332: 18.293347 | W332: 0.21428571 | X332: 0.069922309 | Y332: -0.010248305 | Z332: -0.012791829 | AA332: 아래 | AB332: 5일 하락 | AC332: 5) +15% ~ +20% | AD332: 5) 2,000억 이상 | AE332: 4) +10% 이상 | AF332: 5) 10배 이상 | AG332: 양봉
A333: 2024 | B333: 2024-12 | C333: 45653 | D333: 금 | E333: 466100 | F333: 클로봇 | G333: 7888 | H333: 12 | I333: 94662 | L333: 보유중 | M333: 1 | N333: 181315 | O333: 1.9219773 | P333: 8.881945 | Q333: -0.035819949 | R333: 0.027160494 | S333: 90765018240 | T333: 0.027160494 | U333: 26290819143 | V333: 3.1636526 | W333: 0.027160494 | X333: 0.013221154 | Y333: -0.010248305 | Z333: -0.012791829 | AA333: 아래 | AB333: 5일 하락 | AC333: 1) +3% 미만 | AD333: 3) 500억 ~ 1,000억 | AE333: 2) +2% ~ +5% | AF333: 3) 3배 ~ 5배 | AG333: 양봉
A334: 2024 | B334: 2024-12 | C334: 45653 | D334: 금 | E334: 003160 | F334: 디아이 | G334: 13834 | H334: 7 | I334: 96837 | L334: 보유중 | M334: 1 | N334: 159833 | O334: 1.656533 | P334: 2.0143518 | Q334: -0.21424451 | R334: 0.14026403 | S334: 34322453700 | T334: 0.12816327 | U334: 3840771691 | V334: 7.341708 | W334: 0.15455305 | X334: 0.041244573 | Y334: -0.010248305 | Z334: -0.012791829 | AA334: 아래 | AB334: 5일 하락 | AC334: 4) +10% ~ +15% | AD334: 2) 300억 ~ 500억 | AE334: 4) +10% 이상 | AF334: 4) 5배 ~ 10배 | AG334: 양봉
A335: 2024 | B335: 2024-12 | C335: 45656 | D335: 월 | E335: 009420 | F335: 한올바이오파마 | G335: 38689 | H335: 2 | I335: 77377 | L335: 보유중 | M335: 0 | N335: 15606 | O335: 0.20448762 | P335: 0.88685829 | Q335: -0.37966303 | R335: 0.15201192 | S335: 83423976550 | T335: 0.036193029 | U335: 1.517612e+10 | V335: 4.8964095 | W335: 0.14688427 | X335: 0.0077619664 | Y335: -0.0021956362 | Z335: -0.001938315 | AA335: 아래 | AB335: 5일 하락 | AC335: 5) +15% ~ +20% | AD335: 3) 500억 ~ 1,000억 | AE335: 2) +2% ~ +5% | AF335: 3) 3배 ~ 5배 | AG335: 양봉
A336: 2025 | B336: 2025-01 | C336: 45659 | D336: 목 | E336: 454910 | F336: 두산로보틱스 | G336: 67067 | H336: 1 | I336: 67067 | J336: 45660 | K336: 63836 | L336: 손절 | M336: 1 | N336: -3346 | O336: -0.049894726 | P336: -0.014418417 | Q336: -0.088970731 | R336: 0.28107075 | S336: 279491237000 | T336: 0.027607362 | U336: 25982407480 | V336: 8.6768237 | W336: 0.18374558 | X336: 0.011940299 | Y336: -0.00022921537 | Z336: -0.01763711 | AA336: 아래 | AB336: 5일 하락 | AC336: 6) +20% 이상 | AD336: 5) 2,000억 이상 | AE336: 2) +2% ~ +5% | AF336: 4) 5배 ~ 10배 | AG336: 양봉
A337: 2025 | B337: 2025-01 | C337: 45659 | D337: 목 | E337: 272210 | F337: 한화시스템 | G337: 23924 | H337: 4 | I337: 95696 | J337: 45700 | K337: 28750 | L337: 익절 | M337: 25 | N337: 19100 | O337: 0.19959429 | P337: 0.37310388 | Q337: -0.030258444 | R337: 0.057522124 | S337: 88898224900 | T337: 0.030172414 | U337: 64156386139 | V337: 1.2644161 | W337: 0.059866962 | X337: 0.0020920502 | Y337: -0.00022921537 | Z337: -0.01763711 | AA337: 아래 | AB337: 5일 하락 | AC337: 3) +5% ~ +10% | AD337: 3) 500억 ~ 1,000억 | AE337: 2) +2% ~ +5% | AF337: 1) 2배 미만 | AG337: 양봉
A338: 2025 | B338: 2025-01 | C338: 45659 | D338: 목 | E338: 090710 | F338: 휴림로봇 | G338: 1748 | H338: 56 | I338: 97874 | J338: 45665 | K338: 1663 | L338: 손절 | M338: 4 | N338: -4895 | O338: -0.050017374 | P338: 0.0081556473 | Q338: -0.04963307 | R338: 0.17181208 | S338: 80483942502 | T338: 0.12572534 | U338: 3.6625758e+09 | V338: 18.151286 | W338: 0.10227273 | X338: 0.042382589 | Y338: -0.00022921537 | Z338: -0.01763711 | AA338: 아래 | AB338: 5일 하락 | AC338: 5) +15% ~ +20% | AD338: 3) 500억 ~ 1,000억 | AE338: 4) +10% 이상 | AF338: 5) 10배 이상 | AG338: 양봉
A339: 2025 | B339: 2025-01 | C339: 45659 | D339: 목 | E339: 474170 | F339: 루미르 | G339: 11081 | H339: 8 | I339: 88649 | J339: 45666 | K339: 10549 | L339: 손절 | M339: 5 | N339: -4406 | O339: -0.049697253 | P339: 0.074805953 | Q339: -0.089438114 | R339: 0.067502411 | S339: 63085129290 | T339: 0.010036496 | U339: 1.5605466e+10 | V339: 3.5637932 | W339: 0.089566929 | X339: 0.024390244 | Y339: -0.00022921537 | Z339: -0.01763711 | AA339: 아래 | AB339: 5일 하락 | AC339: 3) +5% ~ +10% | AD339: 3) 500억 ~ 1,000억 | AE339: 1) +2% 미만 | AF339: 3) 3배 ~ 5배 | AG339: 양봉
A340: 2025 | B340: 2025-01 | C340: 45659 | D340: 목 | E340: 295310 | F340: 에이치브이엠 | G340: 27427 | H340: 3 | I340: 82282 | J340: 45665 | K340: 26074 | L340: 손절 | M340: 4 | N340: -4202 | O340: -0.051067037 | P340: 0.073743774 | Q340: -0.086679744 | R340: 0.11836735 | S340: 56024451200 | T340: 0.053846154 | U340: 2.2939202e+10 | V340: 2.0549979 | W340: 0.11382114 | X340: 0.016423358 | Y340: -0.00022921537 | Z340: -0.01763711 | AA340: 아래 | AB340: 5일 하락 | AC340: 4) +10% ~ +15% | AD340: 3) 500억 ~ 1,000억 | AE340: 3) +5% ~ +10% | AF340: 2) 2배 ~ 3배 | AG340: 양봉
A341: 2025 | B341: 2025-01 | C341: 45659 | D341: 목 | E341: 455900 | F341: 엔젤로보틱스 | G341: 26877 | H341: 3 | I341: 80631 | J341: 45660 | K341: 25574 | L341: 손절 | M341: 1 | N341: -4046 | O341: -0.050179961 | P341: -0.0084403492 | Q341: -0.069831472 | R341: 0.164859 | S341: 52712698650 | T341: 0.11642412 | U341: 3826250580 | V341: 11.611425 | W341: 0.074 | X341: 0.0037243948 | Y341: -0.00022921537 | Z341: -0.01763711 | AA341: 아래 | AB341: 5일 하락 | AC341: 5) +15% ~ +20% | AD341: 3) 500억 ~ 1,000억 | AE341: 4) +10% 이상 | AF341: 5) 10배 이상 | AG341: 양봉
A342: 2025 | B342: 2025-01 | C342: 45659 | D342: 목 | E342: 030530 | F342: 원익홀딩스 | G342: 2813 | H342: 35 | I342: 98448 | J342: 45660 | K342: 2677 | L342: 손절 | M342: 1 | N342: -4912 | O342: -0.049889434 | P342: -0.015219656 | Q342: -0.070324693 | R342: 0.10196078 | S342: 31801228030 | T342: 0.09765625 | U342: 3369065575 | V342: 8.360682 | W342: 0.042671614 | X342: 0.044483986 | Y342: -0.00022921537 | Z342: -0.01763711 | AA342: 아래 | AB342: 5일 하락 | AC342: 4) +10% ~ +15% | AD342: 2) 300억 ~ 500억 | AE342: 3) +5% ~ +10% | AF342: 4) 5배 ~ 10배 | AG342: 양봉
A343: 2025 | B343: 2025-01 | C343: 45659 | D343: 목 | E343: 378800 | F343: 샤페론 | G343: 3408 | H343: 29 | I343: 98833 | J343: 45671 | K343: 4090 | L343: 익절 | M343: 8 | N343: 19567 | O343: 0.19797843 | P343: 0.39137348 | Q343: -0.013905991 | R343: 0.10571429 | S343: 25640042580 | T343: 0.079497908 | U343: 6.597154e+09 | V343: 3.3928769 | W343: 0.09476662 | X343: 0.098191214 | Y343: -0.00022921537 | Z343: -0.01763711 | AA343: 아래 | AB343: 5일 하락 | AC343: 4) +10% ~ +15% | AD343: 1) 300억 미만 | AE343: 3) +5% ~ +10% | AF343: 3) 3배 ~ 5배 | AG343: 양봉
A344: 2025 | B344: 2025-01 | C344: 45660 | D344: 금 | E344: 009830 | F344: 한화솔루션 | G344: 16882 | H344: 5 | I344: 84410 | J344: 45694 | K344: 20300 | L344: 익절 | M344: 20 | N344: 16910 | O344: 0.20032623 | P344: 0.28786203 | Q344: -0.040668504 | R344: 0.10712074 | S344: 123645724920 | T344: 0.021130782 | U344: 2.0159906e+10 | V344: 5.5988577 | W344: 0.0856102 | X344: 0.026286353 | Y344: 0.017916246 | Z344: 0.00057364824 | AA344: 위 | AB344: 5일 상승 | AC344: 4) +10% ~ +15% | AD344: 4) 1,000억 ~ 2,000억 | AE344: 2) +2% ~ +5% | AF344: 4) 5배 ~ 10배 | AG344: 양봉
A345: 2025 | B345: 2025-01 | C345: 45660 | D345: 금 | E345: 028300 | F345: HLB | G345: 75776 | H345: 1 | I345: 75776 | J345: 45715 | K345: 91000 | L345: 익절 | M345: 35 | N345: 15063 | O345: 0.19878119 | P345: 0.28801186 | Q345: -0.035310792 | R345: 0.03133515 | S345: 74350193300 | T345: 0.021592443 | U345: 58839237310 | V345: 1.1882217 | W345: 0.03133515 | X345: 0.014531044 | Y345: 0.017916246 | Z345: 0.00057364824 | AA345: 위 | AB345: 5일 상승 | AC345: 2) +3% ~ +5% | AD345: 3) 500억 ~ 1,000억 | AE345: 2) +2% ~ +5% | AF345: 1) 2배 미만 | AG345: 양봉
A346: 2025 | B346: 2025-01 | C346: 45660 | D346: 금 | E346: 089030 | F346: 테크윙 | G346: 42242 | H346: 2 | I346: 84484 | J346: 45667 | K346: 50700 | L346: 익절 | M346: 5 | N346: 16736 | O346: 0.19809121 | P346: 0.20969078 | Q346: 0.021490358 | R346: 0.10761155 | S346: 62039359400 | T346: 0.067003793 | U346: 4.2367193e+10 | V346: 1.2308865 | W346: 0.11788079 | X346: 0.016587678 | Y346: 0.017916246 | Z346: 0.00057364824 | AA346: 위 | AB346: 5일 상승 | AC346: 4) +10% ~ +15% | AD346: 3) 500억 ~ 1,000억 | AE346: 3) +5% ~ +10% | AF346: 1) 2배 미만 | AG346: 양봉
A347: 2025 | B347: 2025-01 | C347: 45660 | D347: 금 | E347: 084650 | F347: 랩지노믹스 | G347: 13539 | H347: 7 | I347: 94770 | J347: 45663 | K347: 16250 | L347: 익절 | M347: 1 | N347: 18778 | O347: 0.19814801 | P347: 0.29814732 | Q347: 0.017466822 | R347: 0.02851711 | S347: 45644107785 | T347: 0.013108614 | U347: 4.0540301e+09 | V347: 10.489964 | W347: -0.028725314 | X347: 0.12939002 | Y347: 0.017916246 | Z347: 0.00057364824 | AA347: 위 | AB347: 5일 상승 | AC347: 1) +3% 미만 | AD347: 2) 300억 ~ 500억 | AE347: 1) +2% 미만 | AF347: 5) 10배 이상 | AG347: 음봉·보합
... A460: 2025 | B460: 2025-06 | C460: 45818 | D460: 화 | E460: 417180 | F460: 핑거스토리 | G460: 14749 | H460: 6 | I460: 88494 | J460: 45821 | K460: 14036 | L460: 손절 | M460: 3 | N460: -4431 | O460: -0.050069735 | P460: 0.024442451 | Q460: -0.073931162 | R460: 0.059352518 | S460: 66143265785 | T460: 0.015517241 | U460: 4.9814762e+09 | V460: 12.336234 | W460: -0.0084175084 | X460: 0.21901528 | Y460: 0.0056307056 | Z460: 0.06456683 | AA460: 위 | AB460: 5일 상승 | AC460: 3) +5% ~ +10% | AD460: 3) 500억 ~ 1,000억 | AE460: 1) +2% 미만 | AF460: 5) 10배 이상 | AG460: 음봉·보합
A461: 2025 | B461: 2025-06 | C461: 45819 | D461: 수 | E461: 017670 | F461: SK텔레콤 | G461: 53754 | H461: 1 | I461: 53754 | L461: 보유중 | M461: 137 | N461: 33147 | O461: 0.62035358 | P461: 1.5951702 | Q461: -0.043786753 | R461: 0.017045455 | S461: 64455841500 | T461: 0.011299435 | U461: 52349202710 | V461: 1.1855902 | W461: 0.015122873 | X461: 0.0018621974 | Y461: 0.012253425 | Z461: 0.077092372 | AA461: 위 | AB461: 5일 상승 | AC461: 1) +3% 미만 | AD461: 3) 500억 ~ 1,000억 | AE461: 1) +2% 미만 | AF461: 1) 2배 미만 | AG461: 양봉
A462: 2025 | B462: 2025-06 | C462: 45819 | D462: 수 | E462: 403870 | F462: HPSP | G462: 27728 | H462: 3 | I462: 83183 | J462: 45846 | K462: 26374 | L462: 손절 | M462: 19 | N462: -4205 | O462: -0.050555062 | P462: 0.11801556 | Q462: -0.047883524 | R462: 0.14699793 | S462: 55415650500 | T462: 0.1352459 | U462: 8.5978619e+09 | V462: 5.3223977 | W462: 0.1352459 | X462: 0 | Y462: 0.012253425 | Z462: 0.077092372 | AA462: 위 | AB462: 5일 상승 | AC462: 4) +10% ~ +15% | AD462: 3) 500억 ~ 1,000억 | AE462: 4) +10% 이상 | AF462: 4) 5배 ~ 10배 | AG462: 양봉
A463: 2025 | B463: 2025-06 | C463: 45821 | D463: 금 | E463: 047810 | F463: 한국항공우주 | G463: 97798 | H463: 1 | I463: 97798 | J463: 45832 | K463: 92707 | L463: 손절 | M463: 7 | N463: -5258 | O463: -0.053765442 | P463: 0.040924275 | Q463: -0.083823035 | R463: 0.079558011 | S463: 283278121300 | T463: 0.078366446 | U463: 75145041545 | V463: 3.3823824 | W463: 0.085555556 | X463: 0.011258956 | Y463: -0.0087019654 | Z463: 0.02936292 | AA463: 위 | AB463: 5일 상승 | AC463: 3) +5% ~ +10% | AD463: 5) 2,000억 이상 | AE463: 3) +5% ~ +10% | AF463: 3) 3배 ~ 5배 | AG463: 양봉
A464: 2025 | B464: 2025-06 | C464: 45821 | D464: 금 | E464: 082740 | F464: 한화엔진 | G464: 29379 | H464: 3 | I464: 88138 | J464: 45833 | K464: 27922 | L464: 손절 | M464: 8 | N464: -4523 | O464: -0.051321023 | P464: 0.10111354 | Q464: -0.0639684 | R464: 0.010327022 | S464: 45918573950 | T464: 0.0017064846 | U464: 2.260117e+10 | V464: 1.9555479 | W464: 0.0085910653 | X464: 0.015332198 | Y464: -0.0087019654 | Z464: 0.02936292 | AA464: 위 | AB464: 5일 상승 | AC464: 1) +3% 미만 | AD464: 2) 300억 ~ 500억 | AE464: 1) +2% 미만 | AF464: 1) 2배 미만 | AG464: 양봉
A465: 2025 | B465: 2025-06 | C465: 45821 | D465: 금 | E465: 462860 | F465: 더즌 | G465: 3654 | H465: 27 | I465: 98649 | J465: 45825 | K465: 4385 | L465: 익절 | M465: 2 | N465: 19536 | O465: 0.19803941 | P465: 0.24533001 | Q465: 0.012685944 | R465: 0.0041265475 | S465: 42894248850 | T465: 0.0041265475 | U465: 2.3516504e+10 | V465: 1.6773318 | W465: -0.050715215 | X465: 0.084931507 | Y465: -0.0087019654 | Z465: 0.02936292 | AA465: 위 | AB465: 5일 상승 | AC465: 1) +3% 미만 | AD465: 2) 300억 ~ 500억 | AE465: 1) +2% 미만 | AF465: 1) 2배 미만 | AG465: 음봉·보합
A466: 2025 | B466: 2025-06 | C466: 45825 | D466: 화 | E466: 011790 | F466: SKC | G466: 98228 | H466: 1 | I466: 98228 | J466: 45855 | K466: 93506 | L466: 손절 | M466: 22 | N466: -4890 | O466: -0.04978389 | P466: 0.13679424 | Q466: -0.076593904 | R466: 0.15486726 | S466: 201280694400 | T466: 0.05775076 | U466: 22687506260 | V466: 7.8549521 | W466: 0.14725275 | X466: 0.029693487 | Y466: 0.0012352969 | Z466: 0.027316886 | AA466: 위 | AB466: 5일 상승 | AC466: 5) +15% ~ +20% | AD466: 5) 2,000억 이상 | AE466: 3) +5% ~ +10% | AF466: 4) 5배 ~ 10배 | AG466: 양봉
A467: 2025 | B467: 2025-06 | C467: 45826 | D467: 수 | E467: 041020 | F467: 폴라리스오피스 | G467: 6136 | H467: 16 | I467: 98178 | J467: 45867 | K467: 5834 | L467: 손절 | M467: 29 | N467: -5000 | O467: -0.0509306 | P467: 0.14567325 | Q467: -0.04826006 | R467: 0.058721934 | S467: 21317534750 | T467: 0.02852349 | U467: 3088281545 | V467: 6.4102133 | W467: 0.064236111 | X467: 0.03588907 | Y467: 0.0074195844 | Z467: 0.022411112 | AA467: 위 | AB467: 5일 상승 | AC467: 3) +5% ~ +10% | AD467: 1) 300억 미만 | AE467: 2) +2% ~ +5% | AF467: 4) 5배 ~ 10배 | AG467: 양봉
A468: 2025 | B468: 2025-06 | C468: 45831 | D468: 월 | E468: 466100 | F468: 클로봇 | G468: 18413 | H468: 5 | I468: 92064 | J468: 45832 | K468: 22100 | L468: 익절 | M468: 1 | N468: 18240 | O468: 0.19812115 | P468: 0.21660008 | Q468: 0.072562865 | R468: 0.095318669 | S468: 111200823160 | T468: 0.04464766 | U468: 8.0513409e+09 | V468: 12.677499 | W468: 0.10718358 | X468: 0.076210093 | Y468: -0.0024389114 | Z468: 0.023012496 | AA468: 위 | AB468: 5일 상승 | AC468: 3) +5% ~ +10% | AD468: 4) 1,000억 ~ 2,000억 | AE468: 2) +2% ~ +5% | AF468: 5) 10배 이상 | AG468: 양봉
A469: 2025 | B469: 2025-06 | C469: 45832 | D469: 화 | E469: 086520 | F469: 에코프로 | G469: 48949 | H469: 2 | I469: 97898 | J469: 45835 | K469: 46553 | L469: 손절 | M469: 3 | N469: -4959 | O469: -0.050658042 | P469: 0.0030868927 | Q469: -0.087824241 | R469: 0.1411902 | S469: 172115579400 | T469: 0.078280044 | U469: 3.8844281e+10 | V469: 3.8665708 | W469: 0.10383747 | X469: 0.032719836 | Y469: 0.029580656 | Z469: 0.051974375 | AA469: 위 | AB469: 5일 상승 | AC469: 4) +10% ~ +15% | AD469: 4) 1,000억 ~ 2,000억 | AE469: 3) +5% ~ +10% | AF469: 3) 3배 ~ 5배 | AG469: 양봉
A470: 2025 | B470: 2025-06 | C470: 45832 | D470: 화 | E470: 450080 | F470: 에코프로머티 | G470: 49499 | H470: 2 | I470: 98999 | J470: 45834 | K470: 47103 | L470: 손절 | M470: 2 | N470: -4963 | O470: -0.050136812 | P470: 0.0060717846 | Q470: -0.053524837 | R470: 0.16079812 | S470: 121158087850 | T470: 0.065732759 | U470: 3.3448744e+10 | V470: 3.2363651 | W470: 0.12642369 | X470: 0.0010111223 | Y470: 0.029580656 | Z470: 0.051974375 | AA470: 위 | AB470: 5일 상승 | AC470: 5) +15% ~ +20% | AD470: 4) 1,000억 ~ 2,000억 | AE470: 3) +5% ~ +10% | AF470: 3) 3배 ~ 5배 | AG470: 양봉
A471: 2025 | B471: 2025-06 | C471: 45833 | D471: 수 | E471: 095340 | F471: ISC | G471: 62062 | H471: 1 | I471: 62062 | J471: 45835 | K471: 59041 | L471: 손절 | M471: 2 | N471: -3128 | O471: -0.050398421 | P471: 0.018336502 | Q471: -0.054171635 | R471: 0.16104869 | S471: 50119312000 | T471: 0.093474427 | U471: 7502178590 | V471: 5.7535024 | W471: 0.09929078 | X471: 0 | Y471: 0.0014853527 | Z471: 0.045777693 | AA471: 위 | AB471: 5일 상승 | AC471: 5) +15% ~ +20% | AD471: 3) 500억 ~ 1,000억 | AE471: 3) +5% ~ +10% | AF471: 4) 5배 ~ 10배 | AG471: 양봉
A472: 2025 | B472: 2025-06 | C472: 45834 | D472: 목 | E472: 446540 | F472: 메가터치 | G472: 4264 | H472: 23 | I472: 98078 | J472: 45835 | K472: 4056 | L472: 손절 | M472: 1 | N472: -4960 | O472: -0.050571949 | P472: 0.010726363 | Q472: -0.05962582 | R472: 0.032727273 | S472: 96030943500 | T472: 0.015494636 | U472: 5.1116373e+09 | V472: 18.34269 | W472: 0.017921147 | X472: 0.14671362 | Y472: -0.0092302743 | Z472: 0.034193717 | AA472: 위 | AB472: 5일 상승 | AC472: 2) +3% ~ +5% | AD472: 3) 500억 ~ 1,000억 | AE472: 1) +2% 미만 | AF472: 5) 10배 이상 | AG472: 양봉
A473: 2025 | B473: 2025-07 | C473: 45839 | D473: 화 | E473: 139480 | F473: 이마트 | G473: 95195 | H473: 1 | I473: 95195 | J473: 45840 | K473: 90609 | L473: 손절 | M473: 1 | N473: -4750 | O473: -0.049893163 | P473: -0.0073018464 | Q473: -0.048270342 | R473: 0.11358314 | S473: 60427681200 | T473: 0.04162103 | U473: 20560187405 | V473: 2.6186332 | W473: 0.10839161 | X473: 0.0063091483 | Y473: 0.0058436696 | Z473: -0.0045076104 | AA473: 위 | AB473: 5일 하락 | AC473: 4) +10% ~ +15% | AD473: 3) 500억 ~ 1,000억 | AE473: 2) +2% ~ +5% | AF473: 2) 2배 ~ 3배 | AG473: 양봉
... A542: 2025 | B542: 2025-09 | C542: 45910 | D542: 수 | E542: 005930 | F542: 삼성전자 | G542: 72673 | H542: 1 | I542: 72673 | J542: 45932 | K542: 89300 | L542: 익절 | M542: 16 | N542: 16469 | O542: 0.22662123 | P542: 0.24255909 | Q542: -0.0078791732 | R542: 0.015384615 | S542: 1592013819000 | T542: 0.0097357441 | U542: 877435436270 | V542: 1.7583627 | W542: 0.011142061 | X542: 0.0027548209 | Y542: 0.0167114 | Z542: 0.040858304 | AA542: 위 | AB542: 5일 상승 | AC542: 1) +3% 미만 | AD542: 5) 2,000억 이상 | AE542: 1) +2% 미만 | AF542: 1) 2배 미만 | AG542: 양봉
A543: 2025 | B543: 2025-09 | C543: 45910 | D543: 수 | E543: 086790 | F543: 하나금융지주 | G543: 87187 | H543: 1 | I543: 87187 | L543: 보유중 | M543: 73 | N543: 45607 | O543: 0.52660199 | P543: 0.6344161 | Q543: -0.03655472 | R543: 0.045618247 | S543: 109694611000 | T543: 0.0092699884 | U543: 57583814390 | V543: 1.8124626 | W543: 0.038140644 | X543: 0.01836969 | Y543: 0.0167114 | Z543: 0.040858304 | AA543: 위 | AB543: 5일 상승 | AC543: 2) +3% ~ +5% | AD543: 4) 1,000억 ~ 2,000억 | AE543: 1) +2% 미만 | AF543: 1) 2배 미만 | AG543: 양봉
A544: 2025 | B544: 2025-09 | C544: 45919 | D544: 금 | E544: 060250 | F544: NHN KCP | G544: 16206 | H544: 6 | I544: 97237 | J544: 45922 | K544: 15425 | L544: 손절 | M544: 1 | N544: -4857 | O544: -0.049950757 | P544: -0.024446832 | Q544: -0.073810686 | R544: 0.14822695 | S544: 107747380390 | T544: 0.14822695 | U544: 7.3021471e+09 | V544: 12.35951 | W544: 0.12900976 | X544: 0 | Y544: -0.0046398752 | Z544: 0.014636847 | AA544: 위 | AB544: 5일 상승 | AC544: 4) +10% ~ +15% | AD544: 4) 1,000억 ~ 2,000억 | AE544: 4) +10% 이상 | AF544: 5) 10배 이상 | AG544: 양봉
A545: 2025 | B545: 2025-09 | C545: 45919 | D545: 금 | E545: 439580 | F545: 블루엠텍 | G545: 6326 | H545: 15 | I545: 94895 | J545: 45924 | K545: 6014 | L545: 손절 | M545: 3 | N545: -4848 | O545: -0.051090052 | P545: 0.052744724 | Q545: -0.067388308 | R545: 0.08777969 | S545: 80026096240 | T545: 0.036065574 | U545: 13362593566 | V545: 5.5956885 | W545: 0.085910653 | X545: 0.022151899 | Y545: -0.0046398752 | Z545: 0.014636847 | AA545: 위 | AB545: 5일 상승 | AC545: 3) +5% ~ +10% | AD545: 3) 500억 ~ 1,000억 | AE545: 2) +2% ~ +5% | AF545: 4) 5배 ~ 10배 | AG545: 양봉
A546: 2025 | B546: 2025-09 | C546: 45923 | D546: 화 | E546: 457190 | F546: 이수스페셜티케미컬 | G546: 51251 | H546: 1 | I546: 51251 | J546: 45924 | K546: 48751 | L546: 손절 | M546: 1 | N546: -2588 | O546: -0.05049886 | P546: 0.0087568681 | Q546: -0.047827173 | R546: 0.12280702 | S546: 73967257600 | T546: 0.065556712 | U546: 10024497885 | V546: 6.5333501 | W546: 0.12157722 | X546: 0.015625 | Y546: 0.0050567224 | Z546: 0.010601168 | AA546: 위 | AB546: 5일 상승 | AC546: 4) +10% ~ +15% | AD546: 3) 500억 ~ 1,000억 | AE546: 3) +5% ~ +10% | AF546: 4) 5배 ~ 10배 | AG546: 양봉
A547: 2025 | B547: 2025-09 | C547: 45924 | D547: 수 | E547: 034020 | F547: 두산에너빌리티 | G547: 65966 | H547: 1 | I547: 65966 | J547: 45926 | K547: 62737 | L547: 손절 | M547: 2 | N547: -3342 | O547: -0.050664226 | P547: 0.015676281 | Q547: -0.058604521 | R547: 0.04437401 | S547: 798319255900 | T547: 0.04107425 | U547: 317391116865 | V547: 2.3563085 | W547: 0.039432177 | X547: 0.0075872534 | Y547: -0.0040301877 | Z547: 0.017208648 | AA547: 위 | AB547: 5일 상승 | AC547: 2) +3% ~ +5% | AD547: 5) 2,000억 이상 | AE547: 2) +2% ~ +5% | AF547: 2) 2배 ~ 3배 | AG547: 양봉
A548: 2025 | B548: 2025-09 | C548: 45925 | D548: 목 | E548: 010950 | F548: S-Oil | G548: 61261 | H548: 1 | I548: 61261 | J548: 45953 | K548: 74200 | L548: 익절 | M548: 15 | N548: 12807 | O548: 0.2090586 | P548: 0.22100122 | Q548: -0.014057838 | R548: 0.023411371 | S548: 22288917600 | T548: 0.0049261084 | U548: 12008483750 | V548: 1.8021147 | W548: 0.014925373 | X548: 0.0016339869 | Y548: -0.00029664702 | Z548: 0.0028341952 | AA548: 위 | AB548: 5일 상승 | AC548: 1) +3% 미만 | AD548: 1) 300억 미만 | AE548: 1) +2% 미만 | AF548: 1) 2배 미만 | AG548: 양봉
A549: 2025 | B549: 2025-09 | C549: 45926 | D549: 금 | E549: 006220 | F549: 제주은행 | G549: 15475 | H549: 6 | I549: 92853 | J549: 45930 | K549: 14725 | L549: 손절 | M549: 2 | N549: -4661 | O549: -0.050196763 | P549: 0.020971267 | Q549: -0.074017832 | R549: 0.090267983 | S549: 181215905080 | T549: 0.05170068 | U549: 3802558809 | V549: 43.407249 | W549: 0.091037403 | X549: 0.11060802 | Y549: -0.024505129 | Z549: -0.017180225 | AA549: 위 | AB549: 5일 하락 | AC549: 3) +5% ~ +10% | AD549: 4) 1,000억 ~ 2,000억 | AE549: 3) +5% ~ +10% | AF549: 5) 10배 이상 | AG549: 양봉
A550: 2025 | B550: 2025-09 | C550: 45930 | D550: 화 | E550: 419530 | F550: SAMG엔터 | G550: 61762 | H550: 1 | I550: 61762 | J550: 45931 | K550: 58741 | L550: 손절 | M550: 1 | N550: -3127 | O550: -0.050625019 | P550: 0.023287895 | Q550: -0.049572793 | R550: 0.084358524 | S550: 22348048500 | T550: 0.084358524 | U550: 9308999995 | V550: 2.1272666 | W550: 0.084358524 | X550: 0.0048622366 | Y550: -0.0019264341 | Z550: -0.017666851 | AA550: 위 | AB550: 5일 하락 | AC550: 3) +5% ~ +10% | AD550: 1) 300억 미만 | AE550: 3) +5% ~ +10% | AF550: 2) 2배 ~ 3배 | AG550: 양봉
A551: 2025 | B551: 2025-10 | C551: 45931 | D551: 수 | E551: 082740 | F551: 한화엔진 | G551: 49600 | H551: 2 | I551: 99199 | J551: 45940 | K551: 47203 | L551: 손절 | M551: 2 | N551: -4964 | O551: -0.050043286 | P551: -0.0020070747 | Q551: -0.052410758 | R551: 0.10356347 | S551: 426366056200 | T551: 0.07483731 | U551: 74283431405 | V551: 5.131384 | W551: 0.081877729 | X551: 0.027245207 | Y551: 0.0091193132 | Z551: -0.0046973912 | AA551: 위 | AB551: 5일 하락 | AC551: 4) +10% ~ +15% | AD551: 5) 2,000억 이상 | AE551: 3) +5% ~ +10% | AF551: 4) 5배 ~ 10배 | AG551: 양봉
A552: 2025 | B552: 2025-10 | C552: 45931 | D552: 수 | E552: 257720 | F552: 실리콘투 | G552: 47447 | H552: 2 | I552: 94895 | J552: 45940 | K552: 45155 | L552: 손절 | M552: 2 | N552: -4748 | O552: -0.050039044 | P552: 0.0053237901 | Q552: -0.047366136 | R552: 0.034934498 | S552: 52452081600 | T552: 0.024864865 | U552: 2.5966724e+10 | V552: 1.8750737 | W552: 0.0074388948 | X552: 0.010548523 | Y552: 0.0091193132 | Z552: -0.0046973912 | AA552: 위 | AB552: 5일 하락 | AC552: 2) +3% ~ +5% | AD552: 3) 500억 ~ 1,000억 | AE552: 2) +2% ~ +5% | AF552: 1) 2배 미만 | AG552: 양봉
A553: 2025 | B553: 2025-10 | C553: 45940 | D553: 금 | E553: 083650 | F553: 비에이치아이 | G553: 54054 | H553: 1 | I553: 54054 | J553: 45947 | K553: 50949 | L553: 손절 | M553: 5 | N553: -3197 | O553: -0.059147777 | P553: 0.14515115 | Q553: -0.062049062 | R553: 0.12266112 | S553: 116352180000 | T553: 0.0055865922 | U553: 52808195815 | V553: 1.9864943 | W553: 0.10655738 | X553: 0.0074074074 | Y553: 0.017296807 | Z553: 0.066316209 | AA553: 위 | AB553: 5일 상승 | AC553: 4) +10% ~ +15% | AD553: 4) 1,000억 ~ 2,000억 | AE553: 1) +2% 미만 | AF553: 1) 2배 미만 | AG553: 양봉
A554: 2025 | B554: 2025-10 | C554: 45940 | D554: 금 | E554: 103590 | F554: 일진전기 | G554: 39139 | H554: 2 | I554: 78278 | J554: 45954 | K554: 47000 | L554: 익절 | M554: 10 | N554: 15555 | O554: 0.1987138 | P554: 0.33114967 | Q554: -0.035491363 | R554: 0.061058345 | S554: 69213686100 | T554: 0.0025641026 | U554: 28534694910 | V554: 2.2758799 | W554: 0.039893617 | X554: 0.014066496 | Y554: 0.017296807 | Z554: 0.066316209 | AA554: 위 | AB554: 5일 상승 | AC554: 3) +5% ~ +10% | AD554: 3) 500억 ~ 1,000억 | AE554: 1) +2% 미만 | AF554: 2) 2배 ~ 3배 | AG554: 양봉
A555: 2025 | B555: 2025-10 | C555: 45940 | D555: 금 | E555: 187660 | F555: 페니트리움바이오 | G555: 2757 | H555: 36 | I555: 99238 | J555: 45943 | K555: 3310 | L555: 익절 | M555: 1 | N555: 19711 | O555: 0.19862363 | P555: 0.20514406 | Q555: -0.025665692 | R555: 0.12055336 | S555: 31956468705 | T555: 0.0071047957 | U555: 6.2416179e+09 | V555: 4.6234279 | W555: 0.065789474 | X555: 0.093474427 | Y555: 0.017296807 | Z555: 0.066316209 | AA555: 위 | AB555: 5일 상승 | AC555: 4) +10% ~ +15% | AD555: 2) 300억 ~ 500억 | AE555: 1) +2% 미만 | AF555: 3) 3배 ~ 5배 | AG555: 양봉
... A564: 2025 | B564: 2025-10 | C564: 45951 | D564: 화 | E564: 005690 | F564: 파미셀 | G564: 13483 | H564: 7 | I564: 94384 | J564: 45957 | K564: 16190 | L564: 익절 | M564: 4 | N564: 18745 | O564: 0.19859828 | P564: 0.24819501 | Q564: -0.035856497 | R564: 0.033768227 | S564: 184364859840 | T564: 0.025894897 | U564: 24232494304 | V564: 7.1633763 | W564: 0.024334601 | X564: 0.12397921 | Y564: 0.0023986222 | Z564: 0.073566529 | AA564: 위 | AB564: 5일 상승 | AC564: 2) +3% ~ +5% | AD564: 4) 1,000억 ~ 2,000억 | AE564: 2) +2% ~ +5% | AF564: 4) 5배 ~ 10배 | AG564: 양봉
A565: 2025 | B565: 2025-10 | C565: 45952 | D565: 수 | E565: 003550 | F565: LG | G565: 80180 | H565: 1 | I565: 80180 | L565: 보유중 | M565: 48 | N565: 31462 | O565: 0.39560814 | P565: 1.3185304 | Q565: -0.030931615 | R565: 0.04296875 | S565: 28580721300 | T565: 0.04025974 | U565: 20893811305 | V565: 1.2593415 | W565: 0.033548387 | X565: 0.0049937578 | Y565: 0.01564919 | Z565: 0.061903929 | AA565: 위 | AB565: 5일 상승 | AC565: 2) +3% ~ +5% | AD565: 1) 300억 미만 | AE565: 2) +2% ~ +5% | AF565: 1) 2배 미만 | AG565: 양봉
A566: 2025 | B566: 2025-10 | C566: 45953 | D566: 목 | E566: 017510 | F566: 세명전기 | G566: 11271 | H566: 8 | I566: 90170 | J566: 45971 | K566: 10729 | L566: 손절 | M566: 12 | N566: -4491 | O566: -0.049807561 | P566: 0.17466903 | Q566: -0.058667798 | R566: 0.13967611 | S566: 172077594520 | T566: 0.11045365 | U566: 6341843495 | V566: 23.405872 | W566: 0.14780836 | X566: 0.061278863 | Y566: -0.0098154328 | Z566: 0.025928604 | AA566: 위 | AB566: 5일 상승 | AC566: 4) +10% ~ +15% | AD566: 4) 1,000억 ~ 2,000억 | AE566: 4) +10% 이상 | AF566: 5) 10배 이상 | AG566: 양봉
A567: 2025 | B567: 2025-10 | C567: 45954 | D567: 금 | E567: 000720 | F567: 현대건설 | G567: 66667 | H567: 1 | I567: 66667 | J567: 45966 | K567: 63436 | L567: 손절 | M567: 8 | N567: -3345 | O567: -0.050171603 | P567: 0.14600115 | Q567: -0.053499053 | R567: 0.16637478 | S567: 258343131600 | T567: 0.082926829 | U567: 55649634880 | V567: 4.0030284 | W567: 0.15826087 | X567: 0.021021021 | Y567: 0.024971656 | Z567: 0.051401882 | AA567: 위 | AB567: 5일 상승 | AC567: 5) +15% ~ +20% | AD567: 5) 2,000억 이상 | AE567: 3) +5% ~ +10% | AF567: 3) 3배 ~ 5배 | AG567: 양봉
A568: 2025 | B568: 2025-10 | C568: 45957 | D568: 월 | E568: 097230 | F568: HJ중공업 | G568: 31582 | H568: 3 | I568: 94745 | J568: 45958 | K568: 30020 | L568: 손절 | M568: 1 | N568: -4848 | O568: -0.051165005 | P568: 0.0085002161 | Q568: -0.092824766 | R568: 0.11484099 | S568: 601628906100 | T568: 0.08419244 | U568: 1.8491003e+11 | V568: 2.7926779 | W568: 0.08605852 | X568: 0.047543582 | Y568: 0.025685066 | Z568: 0.059805646 | AA568: 위 | AB568: 5일 상승 | AC568: 4) +10% ~ +15% | AD568: 5) 2,000억 이상 | AE568: 3) +5% ~ +10% | AF568: 2) 2배 ~ 3배 | AG568: 양봉
A569: 2025 | B569: 2025-10 | C569: 45957 | D569: 월 | E569: 0008Z0 | F569: 에스엔시스 | G569: 45495 | H569: 2 | I569: 90991 | J569: 45959 | K569: 43307 | L569: 손절 | M569: 2 | N569: -4534 | O569: -0.049830924 | P569: 0.014387153 | Q569: -0.059246584 | R569: 0.068155112 | S569: 93212405100 | T569: 0.041237113 | U569: 8629052565 | V569: 9.9529572 | W569: 0.056976744 | X569: 0.082508251 | Y569: 0.025685066 | Z569: 0.059805646 | AA569: 위 | AB569: 5일 상승 | AC569: 3) +5% ~ +10% | AD569: 3) 500억 ~ 1,000억 | AE569: 2) +2% ~ +5% | AF569: 4) 5배 ~ 10배 | AG569: 양봉
A570: 2025 | B570: 2025-10 | C570: 45958 | D570: 화 | E570: 035720 | F570: 카카오 | G570: 63764 | H570: 1 | I570: 63764 | J570: 45966 | K570: 60639 | L570: 손절 | M570: 6 | N570: -3234 | O570: -0.050718817 | P570: 0.093098424 | Q570: -0.051184295 | R570: 0.045977011 | S570: 332804089800 | T570: 0.0063191153 | U570: 167040322900 | V570: 1.8994525 | W570: 0.02907916 | X570: 0.0094191523 | Y570: -0.0080191351 | Z570: 0.048791267 | AA570: 위 | AB570: 5일 상승 | AC570: 2) +3% ~ +5% | AD570: 5) 2,000억 이상 | AE570: 1) +2% 미만 | AF570: 1) 2배 미만 | AG570: 양봉
A571: 2025 | B571: 2025-10 | C571: 45959 | D571: 수 | E571: 218410 | F571: RFHIC | G571: 34184 | H571: 2 | I571: 68368 | J571: 45967 | K571: 32517 | L571: 손절 | M571: 6 | N571: -3451 | O571: -0.050476066 | P571: 0.079447639 | Q571: -0.058042982 | R571: 0.22182469 | S571: 88852392050 | T571: 0.073899371 | U571: 4.9610594e+09 | V571: 15.260461 | W571: 0.084126984 | X571: 0.03806735 | Y571: 0.017639094 | Z571: 0.050846105 | AA571: 위 | AB571: 5일 상승 | AC571: 6) +20% 이상 | AD571: 3) 500억 ~ 1,000억 | AE571: 3) +5% ~ +10% | AF571: 5) 10배 이상 | AG571: 양봉
A572: 2025 | B572: 2025-10 | C572: 45960 | D572: 목 | E572: 347850 | F572: 디앤디파마텍 | G572: 55611 | H572: 1 | I572: 55611 | J572: 45961 | K572: 66800 | L572: 익절 | M572: 1 | N572: 11070 | O572: 0.199062 | P572: 0.28025128 | Q572: 0.050751051 | R572: 0.11782477 | S572: 343469298000 | T572: 0.082926829 | U572: 90722188970 | V572: 3.2008112 | W572: 0.099009901 | X572: 0.031531532 | Y572: 0.0014064663 | Z572: 0.062755489 | AA572: 위 | AB572: 5일 상승 | AC572: 4) +10% ~ +15% | AD572: 5) 2,000억 이상 | AE572: 3) +5% ~ +10% | AF572: 3) 3배 ~ 5배 | AG572: 양봉
A573: 2025 | B573: 2025-10 | C573: 45961 | D573: 금 | E573: 317830 | F573: 에스피시스템스 | G573: 10991 | H573: 9 | I573: 98919 | J573: 45966 | K573: 10460 | L573: 손절 | M573: 3 | N573: -4953 | O573: -0.050073503 | P573: 0.089984697 | Q573: -0.10381058 | R573: 0.13782383 | S573: 146373150240 | T573: 0.088206145 | U573: 4483091136 | V573: 28.393604 | W573: 0.087128713 | X573: 0.10746812 | Y573: 0.0050429544 | Z573: 0.042092151 | AA573: 위 | AB573: 5일 상승 | AC573: 4) +10% ~ +15% | AD573: 4) 1,000억 ~ 2,000억 | AE573: 3) +5% ~ +10% | AF573: 5) 10배 이상 | AG573: 양봉
A574: 2025 | B574: 2025-11 | C574: 45965 | D574: 화 | E574: 316140 | F574: 우리금융지주 | G574: 26276 | H574: 3 | I574: 78829 | L574: 보유중 | M574: 39 | N574: 26976 | O574: 0.34532135 | P574: 0.57937301 | Q574: -0.033347605 | R574: 0.029411765 | S574: 113279118750 | T574: 0.0019083969 | U574: 45708168365 | V574: 2.4206308 | W574: 0.033464567 | X574: 0.0076190476 | Y574: -0.023716978 | Z574: 0.027760254 | AA574: 위 | AB574: 5일 상승 | AC574: 1) +3% 미만 | AD574: 4) 1,000억 ~ 2,000억 | AE574: 1) +2% 미만 | AF574: 2) 2배 ~ 3배 | AG574: 양봉
A575: 2025 | B575: 2025-11 | C575: 45967 | D575: 목 | E575: 249420 | F575: 일동제약 | G575: 30631 | H575: 3 | I575: 91892 | J575: 45968 | K575: 29121 | L575: 손절 | M575: 1 | N575: -4687 | O575: -0.05100762 | P575: 0.038177509 | Q575: -0.097307921 | R575: 0.077464789 | S575: 332320222800 | T575: 0.077464789 | U575: 8.1070073e+10 | V575: 3.4671688 | W575: 0.042589438 | X575: 0.047385621 | Y575: 0.0055014209 | Z575: -0.014788751 | AA575: 위 | AB575: 5일 하락 | AC575: 3) +5% ~ +10% | AD575: 5) 2,000억 이상 | AE575: 3) +5% ~ +10% | AF575: 3) 3배 ~ 5배 | AG575: 양봉
...

Sheet 놓친신호
A1: 연도 | B1: 매수월 | C1: 매수일(신호일) | D1: 요일 | E1: 종목코드 | F1: 종목명 | G1: 매수가 | H1: 수량 | I1: 매수금액 | J1: 매도일 | K1: 매도가 | L1: 결과 | M1: 보유일 | N1: 손익(원) | O1: 수익률 | P1: 보유중 최고 | Q1: 보유중 최저 | R1: 당일 상승률 | S1: 당일 거래대금(억) | T1: 20일 돌파폭 | U1: 20일평균 거래대금(억) | V1: 거래량 배수 | W1: 캔들 몸통(종/시) | X1: 윗꼬리(고/종) | Y1: 코스피 당일 | Z1: 코스피 5일 | AA1: 코스피 20일선 | AB1: 구간:코스피5일 | AC1: 구간:상승률 | AD1: 구간:거래대금 | AE1: 구간:돌파폭 | AF1: 구간:거래량배수 | AG1: 구간:캔들
A2: 2024 | B2: 2024-01 | C2: 45302 | D2: 목 | E2: 009410 | F2: 태영건설 | G2: 7538 | H2: 13 | I2: 97988 | J2: 45303 | K2: 7173 | L2: 손절 | M2: 1 | N2: -4938 | O2: -0.050391525 | P2: 0.070642505 | Q2: -0.19469641 | R2: 0.18769716 | S2: 126088630140 | T2: 0.072649573 | U2: 32680184768 | V2: 3.0696621 | W2: 0.083453237 | X2: 0.091633466 | Y2: -0.00067270396 | Z2: -0.018070985 | AA2: 아래 | AB2: 5일 하락 | AC2: 5) +15% ~ +20% | AD2: 4) 1,000억 ~ 2,000억 | AE2: 3) +5% ~ +10% | AF2: 3) 3배 ~ 5배 | AG2: 양봉
A3: 2024 | B3: 2024-01 | C3: 45302 | D3: 목 | E3: 214270 | F3: FSN | G3: 2783 | H3: 35 | I3: 97397 | J3: 45303 | K3: 2647 | L3: 손절 | M3: 1 | N3: -4935 | O3: -0.050672259 | P3: -0.0045925298 | Q3: -0.067479283 | R3: 0.049056604 | S3: 36054211980 | T3: 0.0054249548 | U3: 7.1017724e+09 | V3: 4.8852914 | W3: -0.0071428571 | X3: 0.10611511 | Y3: -0.00067270396 | Z3: -0.018070985 | AA3: 아래 | AB3: 5일 하락 | AC3: 2) +3% ~ +5% | AD3: 2) 300억 ~ 500억 | AE3: 1) +2% 미만 | AF3: 3) 3배 ~ 5배 | AG3: 음봉·보합
A4: 2024 | B4: 2024-01 | C4: 45302 | D4: 목 | E4: 025980 | F4: 아난티 | G4: 6817 | H4: 14 | I4: 95435 | J4: 45315 | K4: 6484 | L4: 손절 | M4: 9 | N4: -4858 | O4: -0.050898494 | P4: 0.016604541 | Q4: -0.090483672 | R4: 0.03652968 | S4: 24215079720 | T4: 0.0014705882 | U4: 4.3120381e+09 | V4: 5.4008883 | W4: 0.027149321 | X4: 0.027900147 | Y4: -0.00067270396 | Z4: -0.018070985 | AA4: 아래 | AB4: 5일 하락 | AC4: 2) +3% ~ +5% | AD4: 1) 300억 미만 | AE4: 1) +2% 미만 | AF4: 4) 5배 ~ 10배 | AG4: 양봉
A5: 2024 | B5: 2024-01 | C5: 45302 | D5: 목 | E5: 293490 | F5: 카카오게임즈 | G5: 27227 | H5: 3 | I5: 81682 | J5: 45307 | K5: 25874 | L5: 손절 | M5: 3 | N5: -4223 | O5: -0.051699718 | P5: 0.017364988 | Q5: -0.056090968 | R5: 0.036190476 | S5: 23735073600 | T5: 0.014925373 | U5: 7.1794385e+09 | V5: 3.1601156 | W5: 0.026415094 | X5: 0.014705882 | Y5: -0.00067270396 | Z5: -0.018070985 | AA5: 아래 | AB5: 5일 하락 | AC5: 2) +3% ~ +5% | AD5: 1) 300억 미만 | AE5: 1) +2% 미만 | AF5: 3) 3배 ~ 5배 | AG5: 양봉
A6: 2024 | B6: 2024-01 | C6: 45316 | D6: 목 | E6: 066790 | F6: 씨씨에스 | G6: 3356 | H6: 29 | I6: 97321 | J6: 45317 | K6: 2921 | L6: 손절 | M6: 1 | N6: -12782 | O6: -0.13134354 | P6: -0.051609184 | Q6: -0.12862468 | R6: 0.022522523 | S6: 44556910650 | T6: 0.01793722 | U6: 2.0797585e+10 | V6: 1.9973314 | W6: 0.0657277 | X6: 0.081497797 | Y6: 0.00026319093 | Z6: 0.012417829 | AA6: 아래 | AB6: 5일 상승 | AC6: 1) +3% 미만 | AD6: 2) 300억 ~ 500억 | AE6: 1) +2% 미만 | AF6: 1) 2배 미만 | AG6: 양봉
A7: 2024 | B7: 2024-01 | C7: 45320 | D7: 월 | E7: 267270 | F7: HD건설기계 | G7: 53553 | H7: 1 | I7: 53553 | J7: 45321 | K7: 50949 | L7: 손절 | M7: 1 | N7: -2712 | O7: -0.050638774 | P7: 0.027010373 | Q7: -0.055150457 | R7: 0.055226824 | S7: 41149257500 | T7: 0.034816248 | U7: 9977277715 | V7: 3.7416637 | W7: 0.049019608 | X7: 0.013084112 | Y7: 0.008912433 | Z7: 0.014730051 | AA7: 아래 | AB7: 5일 상승 | AC7: 3) +5% ~ +10% | AD7: 2) 300억 ~ 500억 | AE7: 2) +2% ~ +5% | AF7: 3) 3배 ~ 5배 | AG7: 양봉
A8: 2024 | B8: 2024-01 | C8: 45320 | D8: 월 | E8: 023530 | F8: 롯데쇼핑 | G8: 79479 | H8: 1 | I8: 79479 | J8: 45348 | K8: 75624 | L8: 손절 | M8: 18 | N8: -4014 | O8: -0.050509809 | P8: 0.15879083 | Q8: -0.048810132 | R8: 0.086183311 | S8: 23285082200 | T8: 0.058666667 | U8: 4194334350 | V8: 4.9832921 | W8: 0.075880759 | X8: 0.0088161209 | Y8: 0.008912433 | Z8: 0.014730051 | AA8: 아래 | AB8: 5일 상승 | AC8: 3) +5% ~ +10% | AD8: 1) 300억 미만 | AE8: 3) +5% ~ +10% | AF8: 3) 3배 ~ 5배 | AG8: 양봉
A9: 2024 | B9: 2024-01 | C9: 45321 | D9: 화 | E9: 004990 | F9: 롯데지주 | G9: 28328 | H9: 3 | I9: 84985 | J9: 45383 | K9: 26923 | L9: 손절 | M9: 41 | N9: -4386 | O9: -0.05160914 | P9: 0.19138812 | Q9: -0.048654526 | R9: 0.055970149 | S9: 23739398400 | T9: 0.055970149 | U9: 3142046850 | V9: 6.8042968 | W9: 0.042357274 | X9: 0.024734982 | Y9: -0.00073580869 | Z9: 0.0081497291 | AA9: 아래 | AB9: 5일 상승 | AC9: 3) +5% ~ +10% | AD9: 1) 300억 미만 | AE9: 3) +5% ~ +10% | AF9: 4) 5배 ~ 10배 | AG9: 양봉
A10: 2024 | B10: 2024-01 | C10: 45321 | D10: 화 | E10: 069960 | F10: 현대백화점 | G10: 52452 | H10: 1 | I10: 52452 | J10: 45370 | K10: 49900 | L10: 손절 | M10: 32 | N10: -2658 | O10: -0.050665422 | P10: 0.18011759 | Q10: -0.049614508 | R10: 0.0234375 | S10: 22578793200 | T10: 0.017475728 | U10: 4208753995 | V10: 5.0037073 | W10: 0.0096339114 | X10: 0.020992366 | Y10: -0.00073580869 | Z10: 0.0081497291 | AA10: 아래 | AB10: 5일 상승 | AC10: 1) +3% 미만 | AD10: 1) 300억 미만 | AE10: 1) +2% 미만 | AF10: 4) 5배 ~ 10배 | AG10: 양봉
A11: 2024 | B11: 2024-01 | C11: 45322 | D11: 수 | E11: 032640 | F11: LG유플러스 | G11: 10240 | H11: 9 | I11: 92162 | J11: 45390 | K11: 9740 | L11: 손절 | M11: 45 | N11: -4685 | O11: -0.050829866 | P11: 0.025367594 | Q11: -0.047872948 | R11: 0.0068897638 | S11: 51011352810 | T11: 0.0068897638 | U11: 7.8020763e+09 | V11: 6.3702094 | W11: 0.010869565 | X11: 0 | Y11: -0.00068832764 | Z11: 0.01109451 | AA11: 아래 | AB11: 5일 상승 | AC11: 1) +3% 미만 | AD11: 3) 500억 ~ 1,000억 | AE11: 1) +2% 미만 | AF11: 4) 5배 ~ 10배 | AG11: 양봉
A12: 2024 | B12: 2024-01 | C12: 45322 | D12: 수 | E12: 032830 | F12: 삼성생명 | G12: 69369 | H12: 1 | I12: 69369 | J12: 45330 | K12: 83300 | L12: 익절 | M12: 6 | N12: 13758 | O12: 0.19832778 | P12: 0.20226094 | Q12: -0.0067652405 | R12: 0.053191489 | S12: 47368005300 | T12: 0.034328358 | U12: 25388591195 | V12: 1.7029117 | W12: 0.053191489 | X12: 0 | Y12: -0.00068832764 | Z12: 0.01109451 | AA12: 아래 | AB12: 5일 상승 | AC12: 3) +5% ~ +10% | AD12: 2) 300억 ~ 500억 | AE12: 2) +2% ~ +5% | AF12: 1) 2배 미만 | AG12: 양봉
A13: 2024 | B13: 2024-01 | C13: 45322 | D13: 수 | E13: 241560 | F13: 두산밥캣 | G13: 50951 | H13: 1 | I13: 50951 | J13: 45323 | K13: 48501 | L13: 손절 | M13: 1 | N13: -2552 | O13: -0.050080969 | P13: -0.0049243487 | Q13: -0.060860554 | R13: 0.087606838 | S13: 27846982800 | T13: 0.082978723 | U13: 9.997516e+09 | V13: 2.5000291 | W13: 0.077248677 | X13: 0.0019646365 | Y13: -0.00068832764 | Z13: 0.01109451 | AA13: 아래 | AB13: 5일 상승 | AC13: 3) +5% ~ +10% | AD13: 1) 300억 미만 | AE13: 3) +5% ~ +10% | AF13: 2) 2배 ~ 3배 | AG13: 양봉
... A168: 2024 | B168: 2024-05 | C168: 45422 | D168: 금 | E168: 006880 | F168: 신송홀딩스 | G168: 8458 | H168: 11 | I168: 93043 | J168: 45453 | K168: 8052 | L168: 손절 | M168: 19 | N168: -4658 | O168: -0.050065916 | P168: 0.1940722 | Q168: -0.048288989 | R168: 0.048387097 | S168: 34332721800 | T168: 0.018072289 | U168: 4464272818 | V168: 6.9692198 | W168: -0.092373792 | X168: 0.12307692 | Y168: 0.0057113571 | Z168: 0.016388128 | AA168: 위 | AB168: 5일 상승 | AC168: 2) +3% ~ +5% | AD168: 2) 300억 ~ 500억 | AE168: 1) +2% 미만 | AF168: 4) 5배 ~ 10배 | AG168: 음봉·보합
A169: 2024 | B169: 2024-05 | C169: 45422 | D169: 금 | E169: 017670 | F169: SK텔레콤 | G169: 52452 | H169: 1 | I169: 52452 | L169: 보유중 | M169: 156 | N169: 34448 | O169: 0.66055319 | P169: 1.6595542 | Q169: -0.03912881 | R169: 0.011583012 | S169: 23263661200 | T169: 0.011583012 | U169: 19654083305 | V169: 1.1522139 | W169: 0.0057581574 | X169: 0.0076335878 | Y169: 0.0057113571 | Z169: 0.016388128 | AA169: 위 | AB169: 5일 상승 | AC169: 1) +3% 미만 | AD169: 1) 300억 미만 | AE169: 1) +2% 미만 | AF169: 1) 2배 미만 | AG169: 양봉
A170: 2024 | B170: 2024-05 | C170: 45428 | D170: 목 | E170: 020150 | F170: 롯데에너지머티리얼즈 | G170: 49600 | H170: 2 | I170: 99199 | J170: 45435 | K170: 47203 | L170: 손절 | M170: 5 | N170: -4993 | O170: -0.050328789 | P170: 0.022186693 | Q170: -0.05039461 | R170: 0.08543264 | S170: 39537580150 | T170: 0.036610879 | U170: 1.0601229e+10 | V170: 3.409957 | W170: 0.054255319 | X170: 0.02926337 | Y170: 0.0082993327 | Z170: 0.0028961221 | AA170: 위 | AB170: 5일 상승 | AC170: 3) +5% ~ +10% | AD170: 2) 300억 ~ 500억 | AE170: 2) +2% ~ +5% | AF170: 3) 3배 ~ 5배 | AG170: 양봉
A171: 2024 | B171: 2024-05 | C171: 45428 | D171: 목 | E171: 294630 | F171: 서남 | G171: 5776 | H171: 17 | I171: 98188 | J171: 45429 | K171: 5494 | L171: 손절 | M171: 1 | N171: -4978 | O171: -0.050703307 | P171: -0.0096558554 | Q171: -0.056402869 | R171: 0.12915851 | S171: 38796406780 | T171: 0.023049645 | U171: 9677811363 | V171: 3.7284009 | W171: 0.13806706 | X171: 0.025996534 | Y171: 0.0082993327 | Z171: 0.0028961221 | AA171: 위 | AB171: 5일 상승 | AC171: 4) +10% ~ +15% | AD171: 2) 300억 ~ 500억 | AE171: 2) +2% ~ +5% | AF171: 3) 3배 ~ 5배 | AG171: 양봉
A172: 2024 | B172: 2024-05 | C172: 45428 | D172: 목 | E172: 353200 | F172: 대덕전자 | G172: 24524 | H172: 4 | I172: 98098 | J172: 45439 | K172: 23327 | L172: 손절 | M172: 7 | N172: -4988 | O172: -0.05084775 | P172: 0.015311219 | Q172: -0.064201105 | R172: 0.049250535 | S172: 38092722500 | T172: 0.0082304527 | U172: 9.6090081e+09 | V172: 3.7630059 | W172: 0.035940803 | X172: 0.030612245 | Y172: 0.0082993327 | Z172: 0.0028961221 | AA172: 위 | AB172: 5일 상승 | AC172: 2) +3% ~ +5% | AD172: 2) 300억 ~ 500억 | AE172: 1) +2% 미만 | AF172: 3) 3배 ~ 5배 | AG172: 양봉
A173: 2024 | B173: 2024-05 | C173: 45428 | D173: 목 | E173: 009420 | F173: 한올바이오파마 | G173: 36587 | H173: 2 | I173: 73173 | J173: 45436 | K173: 34815 | L173: 손절 | M173: 6 | N173: -3690 | O173: -0.050422287 | P173: 0.035899805 | Q173: -0.051564031 | R173: 0.039829303 | S173: 26616294800 | T173: 0.012465374 | U173: 8612405640 | V173: 2.9174134 | W173: 0.025245442 | X173: 0.030095759 | Y173: 0.0082993327 | Z173: 0.0028961221 | AA173: 위 | AB173: 5일 상승 | AC173: 2) +3% ~ +5% | AD173: 1) 300억 미만 | AE173: 1) +2% 미만 | AF173: 2) 2배 ~ 3배 | AG173: 양봉
A174: 2024 | B174: 2024-05 | C174: 45428 | D174: 목 | E174: 215600 | F174: 신라젠 | G174: 4570 | H174: 21 | I174: 95961 | J174: 45440 | K174: 4346 | L174: 손절 | M174: 8 | N174: -4895 | O174: -0.051005829 | P174: 0.053710802 | Q174: -0.065556568 | R174: 0.071596244 | S174: 20262998745 | T174: 0.022063507 | U174: 3.7825471e+09 | V174: 4.9880989 | W174: -0.087 | X174: 0.11500548 | Y174: 0.0082993327 | Z174: 0.0028961221 | AA174: 위 | AB174: 5일 상승 | AC174: 3) +5% ~ +10% | AD174: 1) 300억 미만 | AE174: 2) +2% ~ +5% | AF174: 3) 3배 ~ 5배 | AG174: 음봉·보합
A175: 2024 | B175: 2024-05 | C175: 45432 | D175: 월 | E175: 047050 | F175: 포스코인터내셔널 | G175: 47648 | H175: 2 | I175: 95295 | J175: 45435 | K175: 45355 | L175: 손절 | M175: 3 | N175: -4777 | O175: -0.050130303 | P175: 0.021037786 | Q175: -0.06605999 | R175: 0.040437158 | S175: 45927098000 | T175: 0.0063424947 | U175: 19019873935 | V175: 2.2881498 | W175: 0.032537961 | X175: 0.021008403 | Y175: 0.0064302545 | Z175: 0.0053196365 | AA175: 위 | AB175: 5일 상승 | AC175: 2) +3% ~ +5% | AD175: 2) 300억 ~ 500억 | AE175: 1) +2% 미만 | AF175: 2) 2배 ~ 3배 | AG175: 양봉
A176: 2024 | B176: 2024-05 | C176: 45432 | D176: 월 | E176: 271560 | F176: 오리온 | G176: 94895 | H176: 1 | I176: 94895 | J176: 45475 | K176: 90310 | L176: 손절 | M176: 30 | N176: -4776 | O176: -0.050324548 | P176: 0.12440302 | Q176: -0.049473733 | R176: 0.031556039 | S176: 43760912400 | T176: 0.013903743 | U176: 21072964055 | V176: 2.0135769 | W176: 0.023758099 | X176: 0.0073839662 | Y176: 0.0064302545 | Z176: 0.0053196365 | AA176: 위 | AB176: 5일 상승 | AC176: 2) +3% ~ +5% | AD176: 2) 300억 ~ 500억 | AE176: 1) +2% 미만 | AF176: 2) 2배 ~ 3배 | AG176: 양봉
A177: 2024 | B177: 2024-05 | C177: 45433 | D177: 화 | E177: 041190 | F177: 우리기술투자 | G177: 9439 | H177: 10 | I177: 94394 | J177: 45435 | K177: 8851 | L177: 손절 | M177: 2 | N177: -6070 | O177: -0.06430109 | P177: -0.011592861 | Q177: -0.080452951 | R177: 0.11995249 | S177: 200457555470 | T177: 0.044296788 | U177: 11548178263 | V177: 15.607672 | W177: 0.036263736 | X177: 0.018027572 | Y177: -0.0065496291 | Z177: -0.0011110256 | AA177: 위 | AB177: 5일 하락 | AC177: 4) +10% ~ +15% | AD177: 5) 2,000억 이상 | AE177: 2) +2% ~ +5% | AF177: 5) 10배 이상 | AG177: 양봉
A178: 2024 | B178: 2024-05 | C178: 45433 | D178: 화 | E178: 003530 | F178: 한화투자증권 | G178: 3584 | H178: 27 | I178: 96757 | J178: 45435 | K178: 3412 | L178: 손절 | M178: 2 | N178: -4838 | O178: -0.05000171 | P178: -0.0093705178 | Q178: -0.054018607 | R178: 0.051395007 | S178: 23660993280 | T178: 0.042212518 | U178: 3.8464285e+09 | V178: 5.7132891 | W178: 0.0056179775 | X178: 0.030726257 | Y178: -0.0065496291 | Z178: -0.0011110256 | AA178: 위 | AB178: 5일 하락 | AC178: 3) +5% ~ +10% | AD178: 1) 300억 미만 | AE178: 2) +2% ~ +5% | AF178: 4) 5배 ~ 10배 | AG178: 양봉
A179: 2024 | B179: 2024-05 | C179: 45435 | D179: 목 | E179: 000990 | F179: DB하이텍 | G179: 44745 | H179: 2 | I179: 89489 | J179: 45439 | K179: 42557 | L179: 손절 | M179: 2 | N179: -4554 | O179: -0.050888678 | P179: -0.0065862549 | Q179: -0.095982317 | R179: 0.018223235 | S179: 29038371600 | T179: 0.005624297 | U179: 9777142130 | V179: 2.8212711 | W179: 0.00789177 | X179: 0.032438479 | Y179: -0.00060584697 | Z179: -0.011329459 | AA179: 위 | AB179: 5일 하락 | AC179: 1) +3% 미만 | AD179: 1) 300억 미만 | AE179: 1) +2% 미만 | AF179: 2) 2배 ~ 3배 | AG179: 양봉
A180: 2024 | B180: 2024-05 | C180: 45440 | D180: 화 | E180: 304360 | F180: 에스바이오메딕스 | G180: 41592 | H180: 2 | I180: 83183 | J180: 45441 | K180: 39560 | L180: 손절 | M180: 1 | N180: -4229 | O180: -0.050840411 | P180: 0.0086183371 | Q180: -0.075533372 | R180: 0.19225251 | S180: 85366386300 | T180: 0.0012048193 | U180: 42698088975 | V180: 1.7547272 | W180: 0.18714286 | X180: 0.044524669 | Y180: -5.1414071e-05 | Z180: -0.00048822031 | AA180: 위 | AB180: 5일 하락 | AC180: 5) +15% ~ +20% | AD180: 3) 500억 ~ 1,000억 | AE180: 1) +2% 미만 | AF180: 1) 2배 미만 | AG180: 양봉
A181: 2024 | B181: 2024-05 | C181: 45440 | D181: 화 | E181: 094360 | F181: 칩스앤미디어 | G181: 25075 | H181: 3 | I181: 75225 | J181: 45446 | K181: 23826 | L181: 손절 | M181: 4 | N181: -3897 | O181: -0.051809358 | P181: 0.068791488 | Q181: -0.05084935 | R181: 0.12331839 | S181: 77137667400 | T181: 0.093886463 | U181: 7502209101 | V181: 8.6108547 | W181: 0.11581292 | X181: 0.033932136 | Y181: -5.1414071e-05 | Z181: -0.00048822031 | AA181: 위 | AB181: 5일 하락 | AC181: 4) +10% ~ +15% | AD181: 3) 500억 ~ 1,000억 | AE181: 3) +5% ~ +10% | AF181: 4) 5배 ~ 10배 | AG181: 양봉
... A343: 2024 | B343: 2024-10 | C343: 45573 | D343: 화 | E343: 317330 | F343: 덕산테코피아 | G343: 46797 | H343: 2 | I343: 93593 | J343: 45576 | K343: 44505 | L343: 손절 | M343: 2 | N343: -4770 | O343: -0.050967324 | P343: 0.024643805 | Q343: -0.054421514 | R343: 0.05530474 | S343: 28670840000 | T343: 0.036585366 | U343: 7.3317475e+09 | V343: 3.5564319 | W343: 0.082175926 | X343: 0.040641711 | Y343: -0.0061370375 | Z343: -0.020914944 | AA343: 위 | AB343: 5일 하락 | AC343: 3) +5% ~ +10% | AD343: 1) 300억 미만 | AE343: 2) +2% ~ +5% | AF343: 3) 3배 ~ 5배 | AG343: 양봉
A344: 2024 | B344: 2024-10 | C344: 45579 | D344: 월 | E344: 024110 | F344: 기업은행 | G344: 14344 | H344: 6 | I344: 86066 | L344: 보유중 | M344: 54 | N344: 36052 | O344: 0.42216472 | P344: 1.0600474 | Q344: -0.06653012 | R344: 0.017755682 | S344: 27028056610 | T344: 0.0063202247 | U344: 1.3102756e+10 | V344: 2.0070139 | W344: 0.016312057 | X344: 0.0090718772 | Y344: 0.010158227 | Z344: 0.020850602 | AA344: 위 | AB344: 5일 상승 | AC344: 1) +3% 미만 | AD344: 1) 300억 미만 | AE344: 1) +2% 미만 | AF344: 2) 2배 ~ 3배 | AG344: 양봉
A345: 2024 | B345: 2024-10 | C345: 45580 | D345: 화 | E345: 007660 | F345: 이수페타시스 | G345: 41617 | H345: 2 | I345: 83234 | J345: 45581 | K345: 39610 | L345: 손절 | M345: 1 | N345: -4180 | O345: -0.050219493 | P345: 0.018864177 | Q345: -0.048904312 | R345: 0.086404066 | S345: 301519084500 | T345: 0.076826196 | U345: 56396686485 | V345: 4.6497905 | W345: 0.05036855 | X345: 0.032748538 | Y345: 0.0038729992 | Z345: 0.0088377937 | AA345: 위 | AB345: 5일 상승 | AC345: 3) +5% ~ +10% | AD345: 5) 2,000억 이상 | AE345: 3) +5% ~ +10% | AF345: 3) 3배 ~ 5배 | AG345: 양봉
A346: 2024 | B346: 2024-10 | C346: 45580 | D346: 화 | E346: 356680 | F346: 엑스게이트 | G346: 5185 | H346: 19 | I346: 98518 | J346: 45582 | K346: 4935 | L346: 손절 | M346: 2 | N346: -4950 | O346: -0.050243414 | P346: 0.012501013 | Q346: -0.065606208 | R346: 0.21596244 | S346: 100644975760 | T346: 0.11278195 | U346: 6.5109568e+09 | V346: 13.475294 | W346: 0.16404494 | X346: 0.067567568 | Y346: 0.0038729992 | Z346: 0.0088377937 | AA346: 위 | AB346: 5일 상승 | AC346: 6) +20% 이상 | AD346: 4) 1,000억 ~ 2,000억 | AE346: 4) +10% 이상 | AF346: 5) 10배 이상 | AG346: 양봉
A347: 2024 | B347: 2024-10 | C347: 45580 | D347: 화 | E347: 232140 | F347: 와이씨 | G347: 14374 | H347: 6 | I347: 86246 | J347: 45581 | K347: 13506 | L347: 손절 | M347: 1 | N347: -5378 | O347: -0.062359214 | P347: -0.055262286 | Q347: -0.099090325 | R347: 0.011980268 | S347: 35057987040 | T347: 0.0063069376 | U347: 40791372296 | V347: 0.81887964 | W347: -0.0096551724 | X347: 0.018802228 | Y347: 0.0038729992 | Z347: 0.0088377937 | AA347: 위 | AB347: 5일 상승 | AC347: 1) +3% 미만 | AD347: 2) 300억 ~ 500억 | AE347: 1) +2% 미만 | AF347: 1) 2배 미만 | AG347: 음봉·보합
A348: 2024 | B348: 2024-10 | C348: 45581 | D348: 수 | E348: 365330 | F348: 에스와이스틸텍 | G348: 3958 | H348: 25 | I348: 98958 | J348: 45583 | K348: 3766 | L348: 손절 | M348: 2 | N348: -5000 | O348: -0.050530853 | P348: 0.15509491 | Q348: -0.049908425 | R348: 0.085972851 | S348: 42374155200 | T348: 0.010526316 | U348: 1.628474e+10 | V348: 2.3338464 | W348: 0.089670829 | X348: 0.023958333 | Y348: -0.008767966 | Z348: 0.0061672243 | AA348: 위 | AB348: 5일 상승 | AC348: 3) +5% ~ +10% | AD348: 2) 300억 ~ 500억 | AE348: 1) +2% 미만 | AF348: 2) 2배 ~ 3배 | AG348: 양봉
A349: 2024 | B349: 2024-10 | C349: 45582 | D349: 목 | E349: 457550 | F349: 우진엔텍 | G349: 18478 | H349: 5 | I349: 92392 | J349: 45583 | K349: 17582 | L349: 손절 | M349: 1 | N349: -4666 | O349: -0.050497577 | P349: 0.0038715347 | Q349: -0.074598208 | R349: 0.10737852 | S349: 112171654660 | T349: 0.0010845987 | U349: 4.0300235e+09 | V349: 26.017686 | W349: -0.030971129 | X349: 0.13488624 | Y349: -0.00040607426 | Z349: 0.0039012604 | AA349: 위 | AB349: 5일 상승 | AC349: 4) +10% ~ +15% | AD349: 4) 1,000억 ~ 2,000억 | AE349: 1) +2% 미만 | AF349: 5) 10배 이상 | AG349: 음봉·보합
A350: 2024 | B350: 2024-10 | C350: 45582 | D350: 목 | E350: 149980 | F350: 하이로닉 | G350: 12683 | H350: 7 | I350: 88782 | J350: 45587 | K350: 12010 | L350: 손절 | M350: 3 | N350: -4886 | O350: -0.055036399 | P350: 0.047404816 | Q350: -0.099151185 | R350: 0.0040540541 | S350: 32309719070 | T350: 0.0040540541 | U350: 4.5189588e+09 | V350: 7.0368076 | W350: 0.017808219 | X350: 0.075370121 | Y350: -0.00040607426 | Z350: 0.0039012604 | AA350: 위 | AB350: 5일 상승 | AC350: 1) +3% 미만 | AD350: 2) 300억 ~ 500억 | AE350: 1) +2% 미만 | AF350: 4) 5배 ~ 10배 | AG350: 양봉
A351: 2024 | B351: 2024-10 | C351: 45582 | D351: 목 | E351: 375500 | F351: DL이앤씨 | G351: 32132 | H351: 3 | I351: 96396 | J351: 45588 | K351: 30569 | L351: 손절 | M351: 4 | N351: -4881 | O351: -0.050638774 | P351: -0.000999001 | Q351: -0.058573825 | R351: 0.071786311 | S351: 25861686000 | T351: 0.030497592 | U351: 6.4311247e+09 | V351: 3.7356761 | W351: 0.052459016 | X351: 0.017133956 | Y351: -0.00040607426 | Z351: 0.0039012604 | AA351: 위 | AB351: 5일 상승 | AC351: 3) +5% ~ +10% | AD351: 1) 300억 미만 | AE351: 2) +2% ~ +5% | AF351: 3) 3배 ~ 5배 | AG351: 양봉
A352: 2024 | B352: 2024-10 | C352: 45583 | D352: 금 | E352: 003350 | F352: 한국화장품제조 | G352: 16877 | H352: 5 | I352: 84384 | J352: 45587 | K352: 16064 | L352: 손절 | M352: 2 | N352: -4234 | O352: -0.050174984 | P352: 0.010851545 | Q352: -0.076842493 | R352: 0.075255102 | S352: 45008697300 | T352: 0.015662651 | U352: 8910377220 | V352: 4.5852078 | W352: 0.055068836 | X352: 0.060498221 | Y352: -0.0059326256 | Z352: -0.0011898757 | AA352: 아래 | AB352: 5일 하락 | AC352: 3) +5% ~ +10% | AD352: 2) 300억 ~ 500억 | AE352: 1) +2% 미만 | AF352: 3) 3배 ~ 5배 | AG352: 양봉
A353: 2024 | B353: 2024-10 | C353: 45586 | D353: 월 | E353: 454910 | F353: 두산로보틱스 | G353: 71672 | H353: 1 | I353: 71672 | J353: 45587 | K353: 68232 | L353: 손절 | M353: 1 | N353: -3584 | O353: -0.05000171 | P353: 0.0031867574 | Q353: -0.070761641 | R353: 0.098159509 | S353: 278835818000 | T353: 0.056047198 | U353: 13903306225 | V353: 17.959388 | W353: 0.084848485 | X353: 0.092178771 | Y353: 0.0042794026 | Z353: -0.007002657 | AA353: 아래 | AB353: 5일 하락 | AC353: 3) +5% ~ +10% | AD353: 5) 2,000억 이상 | AE353: 3) +5% ~ +10% | AF353: 5) 10배 이상 | AG353: 양봉
A354: 2024 | B354: 2024-10 | C354: 45586 | D354: 월 | E354: 047810 | F354: 한국항공우주 | G354: 55756 | H354: 1 | I354: 55756 | J354: 45607 | K354: 67000 | L354: 익절 | M354: 15 | N354: 11105 | O354: 0.1991776 | P354: 0.23216102 | Q354: -0.01534731 | R354: 0.039179104 | S354: 65983445400 | T354: 0.027675277 | U354: 23744222105 | V354: 2.6439876 | W354: 0.035315985 | X354: 0.026929982 | Y354: 0.0042794026 | Z354: -0.007002657 | AA354: 아래 | AB354: 5일 하락 | AC354: 2) +3% ~ +5% | AD354: 3) 500억 ~ 1,000억 | AE354: 2) +2% ~ +5% | AF354: 2) 2배 ~ 3배 | AG354: 양봉
A355: 2024 | B355: 2024-10 | C355: 45594 | D355: 화 | E355: 007110 | F355: 일신석재 | G355: 1646 | H355: 60 | I355: 98739 | J355: 45597 | K355: 1566 | L355: 손절 | M355: 3 | N355: -4951 | O355: -0.050140485 | P355: 0.15152487 | Q355: -0.1790448 | R355: 0.25977011 | S355: 98696469756 | T355: 0.14008322 | U355: 3465522693 | V355: 23.727142 | W355: 0.23330833 | X355: 0 | Y355: 0.0020555575 | Z355: 0.018321858 | AA355: 위 | AB355: 5일 상승 | AC355: 6) +20% 이상 | AD355: 3) 500억 ~ 1,000억 | AE355: 4) +10% 이상 | AF355: 5) 10배 이상 | AG355: 양봉
A356: 2024 | B356: 2024-11 | C356: 45614 | D356: 월 | E356: 298830 | F356: 슈어소프트테크 | G356: 5265 | H356: 18 | I356: 94775 | J356: 45617 | K356: 5005 | L356: 손절 | M356: 3 | N356: -4875 | O356: -0.051435165 | P356: 0.059776725 | Q356: -0.057026624 | R356: 0.10504202 | S356: 21010296780 | T356: 0.025341131 | U356: 7345156618 | V356: 2.6852915 | W356: 0.082304527 | X356: 0.024714829 | Y356: 0.02160241 | Z356: -0.024722909 | AA356: 아래 | AB356: 5일 하락 | AC356: 4) +10% ~ +15% | AD356: 1) 300억 미만 | AE356: 2) +2% ~ +5% | AF356: 2) 2배 ~ 3배 | AG356: 양봉
... A367: 2024 | B367: 2024-12 | C367: 45643 | D367: 화 | E367: 000520 | F367: 삼일제약 | G367: 14194 | H367: 7 | I367: 99359 | J367: 45645 | K367: 13257 | L367: 손절 | M367: 2 | N367: -6758 | O367: -0.068015888 | P367: 0.010273225 | Q367: -0.077086524 | R367: 0.09752322 | S367: 44341285400 | T367: 0.038827839 | U367: 6240211979 | V367: 6.0512113 | W367: 0.063765941 | X367: 0.066995769 | Y367: -0.012921007 | Z367: 0.016117692 | AA367: 아래 | AB367: 5일 상승 | AC367: 3) +5% ~ +10% | AD367: 2) 300억 ~ 500억 | AE367: 2) +2% ~ +5% | AF367: 4) 5배 ~ 10배 | AG367: 양봉
A368: 2024 | B368: 2024-12 | C368: 45643 | D368: 화 | E368: 161580 | F368: 필옵틱스 | G368: 18118 | H368: 5 | I368: 90590 | L368: 보유중 | M368: 8 | N368: 72287 | O368: 0.80206534 | P368: 2.5820533 | Q368: -0.011485752 | R368: 0.05416424 | S368: 22161911500 | T368: 0.039632395 | U368: 7.1139753e+09 | V368: 2.814717 | W368: 0.0027700831 | X368: 0.022099448 | Y368: -0.012921007 | Z368: 0.016117692 | AA368: 아래 | AB368: 5일 상승 | AC368: 3) +5% ~ +10% | AD368: 1) 300억 미만 | AE368: 2) +2% ~ +5% | AF368: 2) 2배 ~ 3배 | AG368: 양봉
A369: 2025 | B369: 2025-01 | C369: 45660 | D369: 금 | E369: 237690 | F369: 에스티팜 | G369: 91591 | H369: 1 | I369: 91591 | J369: 45672 | K369: 87113 | L369: 손절 | M369: 8 | N369: -4636 | O369: -0.05061796 | P369: 0.032846934 | Q369: -0.047946589 | R369: 0.071428571 | S369: 25442581500 | T369: 0.016666667 | U369: 14927316360 | V369: 1.5752861 | W369: 0.065192084 | X369: 0.0076502732 | Y369: 0.017916246 | Z369: 0.00057364824 | AA369: 위 | AB369: 5일 상승 | AC369: 3) +5% ~ +10% | AD369: 1) 300억 미만 | AE369: 1) +2% 미만 | AF369: 1) 2배 미만 | AG369: 양봉
A370: 2025 | B370: 2025-01 | C370: 45660 | D370: 금 | E370: 396470 | F370: 워트 | G370: 8448 | H370: 11 | I370: 92933 | J370: 45665 | K370: 10140 | L370: 익절 | M370: 3 | N370: 18409 | O370: 0.19809121 | P370: 0.242833 | Q370: 0.0049192514 | R370: 0.098958333 | S370: 24278174840 | T370: 0.047146402 | U370: 3.8988373e+09 | V370: 5.7314914 | W370: 0.098958333 | X370: 0.047393365 | Y370: 0.017916246 | Z370: 0.00057364824 | AA370: 위 | AB370: 5일 상승 | AC370: 3) +5% ~ +10% | AD370: 1) 300억 미만 | AE370: 2) +2% ~ +5% | AF370: 4) 5배 ~ 10배 | AG370: 양봉
A371: 2025 | B371: 2025-01 | C371: 45660 | D371: 금 | E371: 058970 | F371: 엠로 | G371: 69269 | H371: 1 | I371: 69269 | J371: 45663 | K371: 65934 | L371: 손절 | M371: 1 | N371: -3454 | O371: -0.049868939 | P371: -0.0038862871 | Q371: -0.055857437 | R371: 0.07120743 | S371: 22480588800 | T371: 0.016152717 | U371: 11759836020 | V371: 1.7839471 | W371: 0.069551777 | X371: 0.018786127 | Y371: 0.017916246 | Z371: 0.00057364824 | AA371: 위 | AB371: 5일 상승 | AC371: 3) +5% ~ +10% | AD371: 1) 300억 미만 | AE371: 1) +2% 미만 | AF371: 1) 2배 미만 | AG371: 양봉
A372: 2025 | B372: 2025-01 | C372: 45660 | D372: 금 | E372: 298380 | F372: 에이비엘바이오 | G372: 31181 | H372: 3 | I372: 93543 | J372: 45666 | K372: 29670 | L372: 손절 | M372: 4 | N372: -4693 | O372: -0.050174005 | P372: 0.051917585 | Q372: -0.050708521 | R372: 0.047058824 | S372: 21121132900 | T372: 0.034883721 | U372: 2.1188193e+10 | V372: 0.9163494 | W372: 0.034883721 | X372: 0.0080256822 | Y372: 0.017916246 | Z372: 0.00057364824 | AA372: 위 | AB372: 5일 상승 | AC372: 2) +3% ~ +5% | AD372: 1) 300억 미만 | AE372: 2) +2% ~ +5% | AF372: 1) 2배 미만 | AG372: 양봉
A373: 2025 | B373: 2025-01 | C373: 45663 | D373: 월 | E373: 205470 | F373: 휴마시스 | G373: 9940 | H373: 10 | I373: 99399 | J373: 45670 | K373: 9461 | L373: 손절 | M373: 5 | N373: -4965 | O373: -0.049950137 | P373: 0.094072091 | Q373: -0.055325339 | R373: 0.16686251 | S373: 87201629592 | T373: 0.059765208 | U373: 3.6662842e+09 | V373: 21.061699 | W373: 0.14797688 | X373: 0.067472306 | Y373: 0.019132486 | Z373: 0.024270786 | AA373: 위 | AB373: 5일 상승 | AC373: 5) +15% ~ +20% | AD373: 3) 500억 ~ 1,000억 | AE373: 3) +5% ~ +10% | AF373: 5) 10배 이상 | AG373: 양봉
A374: 2025 | B374: 2025-01 | C374: 45663 | D374: 월 | E374: 187660 | F374: 페니트리움바이오 | G374: 1930 | H374: 51 | I374: 98435 | J374: 45664 | K374: 1837 | L374: 손절 | M374: 1 | N374: -4910 | O374: -0.049875762 | P374: 0.056877631 | Q374: -0.065418209 | R374: 0.22530864 | S374: 57836010065 | T374: 0.15675991 | U374: 3.1979475e+09 | V374: 15.243484 | W374: 0.22606547 | X374: 0.060453401 | Y374: 0.019132486 | Z374: 0.024270786 | AA374: 위 | AB374: 5일 상승 | AC374: 6) +20% 이상 | AD374: 3) 500억 ~ 1,000억 | AE374: 4) +10% 이상 | AF374: 5) 10배 이상 | AG374: 양봉
A375: 2025 | B375: 2025-01 | C375: 45663 | D375: 월 | E375: 064350 | F375: 현대로템 | G375: 52352 | H375: 1 | I375: 52352 | J375: 45694 | K375: 62900 | L375: 익절 | M375: 19 | N375: 10436 | O375: 0.19934295 | P375: 0.3943991 | Q375: -0.029651037 | R375: 0.0057692308 | S375: 47940847300 | T375: 0.0038387716 | U375: 68255992500 | V375: 0.65235055 | W375: 0.0038387716 | X375: 0.017208413 | Y375: 0.019132486 | Z375: 0.024270786 | AA375: 위 | AB375: 5일 상승 | AC375: 1) +3% 미만 | AD375: 2) 300억 ~ 500억 | AE375: 1) +2% 미만 | AF375: 1) 2배 미만 | AG375: 양봉
A376: 2025 | B376: 2025-01 | C376: 45663 | D376: 월 | E376: 083650 | F376: 비에이치아이 | G376: 15956 | H376: 6 | I376: 95736 | J376: 45665 | K376: 15185 | L376: 손절 | M376: 2 | N376: -4792 | O376: -0.050049594 | P376: 0.053526148 | Q376: -0.064925037 | R376: 0.074123989 | S376: 42878966620 | T376: 0.017879949 | U376: 33791273712 | V376: 1.153839 | W376: 0.041149575 | X376: 0.011292346 | Y376: 0.019132486 | Z376: 0.024270786 | AA376: 위 | AB376: 5일 상승 | AC376: 3) +5% ~ +10% | AD376: 2) 300억 ~ 500억 | AE376: 1) +2% 미만 | AF376: 1) 2배 미만 | AG376: 양봉
A377: 2025 | B377: 2025-01 | C377: 45663 | D377: 월 | E377: 402340 | F377: SK스퀘어 | G377: 93193 | H377: 1 | I377: 93193 | J377: 45671 | K377: 88711 | L377: 손절 | M377: 6 | N377: -4642 | O377: -0.049813263 | P377: 0.054799121 | Q377: -0.047139756 | R377: 0.10308057 | S377: 42091813400 | T377: 0.072580645 | U377: 20174618095 | V377: 1.8161047 | W377: 0.08255814 | X377: 0.019334049 | Y377: 0.019132486 | Z377: 0.024270786 | AA377: 위 | AB377: 5일 상승 | AC377: 4) +10% ~ +15% | AD377: 2) 300억 ~ 500억 | AE377: 3) +5% ~ +10% | AF377: 1) 2배 미만 | AG377: 양봉
A378: 2025 | B378: 2025-01 | C378: 45663 | D378: 월 | E378: 011200 | F378: HMM | G378: 18919 | H378: 5 | I378: 94594 | J378: 45677 | K378: 18002 | L378: 손절 | M378: 10 | N378: -4747 | O378: -0.050185851 | P378: 0.053443911 | Q378: -0.048570477 | R378: 0.028851388 | S378: 39094404300 | T378: 0.0053191489 | U378: 1.997313e+10 | V378: 1.8883667 | W378: 0.021621622 | X378: 0.0052910053 | Y378: 0.019132486 | Z378: 0.024270786 | AA378: 위 | AB378: 5일 상승 | AC378: 1) +3% 미만 | AD378: 2) 300억 ~ 500억 | AE378: 1) +2% 미만 | AF378: 1) 2배 미만 | AG378: 양봉
A379: 2025 | B379: 2025-01 | C379: 45663 | D379: 월 | E379: 067310 | F379: 하나마이크론 | G379: 11111 | H379: 8 | I379: 88889 | J379: 45665 | K379: 10569 | L379: 손절 | M379: 2 | N379: -4486 | O379: -0.050470809 | P379: 0.066501067 | Q379: -0.054999055 | R379: 0.13265306 | S379: 38299639800 | T379: 0.10889111 | U379: 3928932276 | V379: 8.2503104 | W379: 0.12462006 | X379: 0.017117117 | Y379: 0.019132486 | Z379: 0.024270786 | AA379: 위 | AB379: 5일 상승 | AC379: 4) +10% ~ +15% | AD379: 2) 300억 ~ 500억 | AE379: 4) +10% 이상 | AF379: 4) 5배 ~ 10배 | AG379: 양봉
A380: 2025 | B380: 2025-01 | C380: 45663 | D380: 월 | E380: 317690 | F380: 퀀타매트릭스 | G380: 7107 | H380: 14 | I380: 99499 | J380: 45670 | K380: 6763 | L380: 손절 | M380: 5 | N380: -4985 | O380: -0.050104177 | P380: 0.034177091 | Q380: -0.079793446 | R380: 0.12341772 | S380: 20052061400 | T380: 0.023054755 | U380: 3.2188429e+09 | V380: 5.5331164 | W380: 0.109375 | X380: 0.083098592 | Y380: 0.019132486 | Z380: 0.024270786 | AA380: 위 | AB380: 5일 상승 | AC380: 4) +10% ~ +15% | AD380: 1) 300억 미만 | AE380: 2) +2% ~ +5% | AF380: 4) 5배 ~ 10배 | AG380: 양봉
... A560: 2025 | B560: 2025-09 | C560: 45905 | D560: 금 | E560: 950160 | F560: 코오롱티슈진 | G560: 42442 | H560: 2 | I560: 84885 | J560: 45912 | K560: 51000 | L560: 익절 | M560: 5 | N560: 16934 | O560: 0.19949587 | P560: 0.2110531 | Q560: -0.033984883 | R560: 0.066666667 | S560: 25906315200 | T560: 0.066666667 | U560: 6046036885 | V560: 3.8549816 | W560: 0.066666667 | X560: 0.0094339623 | Y560: 0.0013402774 | Z560: 0.0059980979 | AA560: 위 | AB560: 5일 상승 | AC560: 3) +5% ~ +10% | AD560: 1) 300억 미만 | AE560: 3) +5% ~ +10% | AF560: 3) 3배 ~ 5배 | AG560: 양봉
A561: 2025 | B561: 2025-09 | C561: 45909 | D561: 화 | E561: 016360 | F561: 삼성증권 | G561: 72673 | H561: 1 | I561: 72673 | L561: 보유중 | M561: 74 | N561: 18216 | O561: 0.25356737 | P561: 1.2429361 | Q561: -0.027143655 | R561: 0.044604317 | S561: 52040260800 | T561: 0.044604317 | U561: 14476758960 | V561: 3.3820815 | W561: 0.037142857 | X561: 0.0013774105 | Y561: 0.012566818 | Z561: 0.027645121 | AA561: 위 | AB561: 5일 상승 | AC561: 2) +3% ~ +5% | AD561: 3) 500억 ~ 1,000억 | AE561: 2) +2% ~ +5% | AF561: 3) 3배 ~ 5배 | AG561: 양봉
A562: 2025 | B562: 2025-09 | C562: 45909 | D562: 화 | E562: 463020 | F562: 뉴엔AI | G562: 25976 | H562: 3 | I562: 77928 | J562: 45929 | K562: 24725 | L562: 손절 | M562: 14 | N562: -3886 | O562: -0.049868939 | P562: 0.19148674 | Q562: -0.062594438 | R562: 0.083507307 | S562: 51961838850 | T562: 0.057026477 | U562: 4649016025 | V562: 10.027739 | W562: 0.076763485 | X562: 0.061657033 | Y562: 0.012566818 | Z562: 0.027645121 | AA562: 위 | AB562: 5일 상승 | AC562: 3) +5% ~ +10% | AD562: 3) 500억 ~ 1,000억 | AE562: 3) +5% ~ +10% | AF562: 5) 10배 이상 | AG562: 양봉
A563: 2025 | B563: 2025-09 | C563: 45909 | D563: 화 | E563: 200670 | F563: 휴메딕스 | G563: 65566 | H563: 1 | I563: 65566 | J563: 45910 | K563: 62338 | L563: 손절 | M563: 1 | N563: -3341 | O563: -0.050950452 | P563: -0.0055745781 | Q563: -0.049805157 | R563: 0.029874214 | S563: 32320909500 | T563: 0.029874214 | U563: 9238440655 | V563: 3.2059932 | W563: 0.004601227 | X563: 0.047328244 | Y563: 0.012566818 | Z563: 0.027645121 | AA563: 위 | AB563: 5일 상승 | AC563: 1) +3% 미만 | AD563: 2) 300억 ~ 500억 | AE563: 2) +2% ~ +5% | AF563: 3) 3배 ~ 5배 | AG563: 양봉
A564: 2025 | B564: 2025-09 | C564: 45909 | D564: 화 | E564: 003530 | F564: 한화투자증권 | G564: 6026 | H564: 16 | I564: 96416 | J564: 45924 | K564: 5734 | L564: 손절 | M564: 11 | N564: -4834 | O564: -0.050136812 | P564: 0.043806692 | Q564: -0.074015685 | R564: 0.052447552 | S564: 31592947960 | T564: 0.048780488 | U564: 7357332946 | V564: 3.9590366 | W564: 0.034364261 | X564: 0.013289037 | Y564: 0.012566818 | Z564: 0.027645121 | AA564: 위 | AB564: 5일 상승 | AC564: 3) +5% ~ +10% | AD564: 2) 300억 ~ 500억 | AE564: 2) +2% ~ +5% | AF564: 3) 3배 ~ 5배 | AG564: 양봉
A565: 2025 | B565: 2025-09 | C565: 45909 | D565: 화 | E565: 005940 | F565: NH투자증권 | G565: 20220 | H565: 4 | I565: 80881 | J565: 45926 | K565: 19241 | L565: 손절 | M565: 13 | N565: -4057 | O565: -0.050159754 | P565: 0.083075341 | Q565: -0.047981721 | R565: 0.043927649 | S565: 27836084800 | T565: 0.024860477 | U565: 9.9062332e+09 | V565: 2.6792 | W565: 0.038560411 | X565: 0.014851485 | Y565: 0.012566818 | Z565: 0.027645121 | AA565: 위 | AB565: 5일 상승 | AC565: 2) +3% ~ +5% | AD565: 1) 300억 미만 | AE565: 2) +2% ~ +5% | AF565: 2) 2배 ~ 3배 | AG565: 양봉
A566: 2025 | B566: 2025-09 | C566: 45909 | D566: 화 | E566: 082270 | F566: 젬백스 | G566: 56556 | H566: 1 | I566: 56556 | J566: 45911 | K566: 53746 | L566: 손절 | M566: 2 | N566: -2907 | O566: -0.051408144 | P566: 0.060886017 | Q566: -0.073492879 | R566: 0.14720812 | S566: 26872078000 | T566: 0.058052434 | U566: 1.0427053e+10 | V566: 2.1905137 | W566: 0.12549801 | X566: 0.017699115 | Y566: 0.012566818 | Z566: 0.027645121 | AA566: 위 | AB566: 5일 상승 | AC566: 4) +10% ~ +15% | AD566: 1) 300억 미만 | AE566: 3) +5% ~ +10% | AF566: 2) 2배 ~ 3배 | AG566: 양봉
A567: 2025 | B567: 2025-09 | C567: 45909 | D567: 화 | E567: 065500 | F567: 오리엔트정공 | G567: 3158 | H567: 31 | I567: 97903 | J567: 45911 | K567: 3002 | L567: 손절 | M567: 2 | N567: -5009 | O567: -0.051165005 | P567: 0.017999433 | Q567: -0.048495087 | R567: 0.031045752 | S567: 22609193785 | T567: 0.0079872204 | U567: 3.7741722e+09 | V567: 5.5679977 | W567: 0.021035599 | X567: 0.10301109 | Y567: 0.012566818 | Z567: 0.027645121 | AA567: 위 | AB567: 5일 상승 | AC567: 2) +3% ~ +5% | AD567: 1) 300억 미만 | AE567: 1) +2% 미만 | AF567: 4) 5배 ~ 10배 | AG567: 양봉
A568: 2025 | B568: 2025-09 | C568: 45910 | D568: 수 | E568: 010120 | F568: LS ELECTRIC | G568: 61762 | H568: 1 | I568: 61762 | J568: 45922 | K568: 58741 | L568: 손절 | M568: 8 | N568: -3127 | O568: -0.050625019 | P568: 0.036240907 | Q568: -0.054430173 | R568: 0.054700855 | S568: 79294063500 | T568: 0.0032520325 | U568: 38951347250 | V568: 1.8813433 | W568: 0.04222973 | X568: 0.0081037277 | Y568: 0.0167114 | Z568: 0.040858304 | AA568: 위 | AB568: 5일 상승 | AC568: 3) +5% ~ +10% | AD568: 3) 500억 ~ 1,000억 | AE568: 1) +2% 미만 | AF568: 1) 2배 미만 | AG568: 양봉
A569: 2025 | B569: 2025-09 | C569: 45910 | D569: 수 | E569: 316140 | F569: 우리금융지주 | G569: 25776 | H569: 3 | I569: 77327 | L569: 보유중 | M569: 73 | N569: 28478 | O569: 0.37144409 | P569: 0.61004044 | Q569: -0.043674772 | R569: 0.042510121 | S569: 74960670500 | T569: 0.011787819 | U569: 3.1479499e+10 | V569: 2.2909614 | W569: 0.042510121 | X569: 0.0058252427 | Y569: 0.0167114 | Z569: 0.040858304 | AA569: 위 | AB569: 5일 상승 | AC569: 2) +3% ~ +5% | AD569: 3) 500억 ~ 1,000억 | AE569: 1) +2% 미만 | AF569: 2) 2배 ~ 3배 | AG569: 양봉
A570: 2025 | B570: 2025-09 | C570: 45910 | D570: 수 | E570: 011200 | F570: HMM | G570: 23774 | H570: 4 | I570: 95095 | J570: 45919 | K570: 22627 | L570: 손절 | M570: 7 | N570: -4749 | O570: -0.049941687 | P570: 0.036857879 | Q570: -0.055681161 | R570: 0.030368764 | S570: 53194965000 | T570: 0.0042283298 | U570: 4.0936108e+10 | V570: 1.2431907 | W570: 0.032608696 | X570: 0.0021052632 | Y570: 0.0167114 | Z570: 0.040858304 | AA570: 위 | AB570: 5일 상승 | AC570: 2) +3% ~ +5% | AD570: 3) 500억 ~ 1,000억 | AE570: 1) +2% 미만 | AF570: 1) 2배 미만 | AG570: 양봉
A571: 2025 | B571: 2025-09 | C571: 45910 | D571: 수 | E571: 000990 | F571: DB하이텍 | G571: 50450 | H571: 1 | I571: 50450 | J571: 45940 | K571: 60600 | L571: 익절 | M571: 17 | N571: 10042 | O571: 0.19904783 | P571: 0.20910835 | Q571: -0.01289187 | R571: 0.086206897 | S571: 48119551200 | T571: 0.065539112 | U571: 6.1271877e+09 | V571: 7.0943921 | W571: 0.086206897 | X571: 0.0099206349 | Y571: 0.0167114 | Z571: 0.040858304 | AA571: 위 | AB571: 5일 상승 | AC571: 3) +5% ~ +10% | AD571: 2) 300억 ~ 500억 | AE571: 3) +5% ~ +10% | AF571: 4) 5배 ~ 10배 | AG571: 양봉
A572: 2025 | B572: 2025-09 | C572: 45910 | D572: 수 | E572: 489790 | F572: 한화비전 | G572: 59559 | H572: 1 | I572: 59559 | J572: 45924 | K572: 56643 | L572: 손절 | M572: 10 | N572: -3019 | O572: -0.050682013 | P572: 0.054407777 | Q572: -0.049689806 | R572: 0.018835616 | S572: 34724021500 | T572: 0.0084745763 | U572: 20512358970 | V572: 1.5844206 | W572: 0.025862069 | X572: 0.0050420168 | Y572: 0.0167114 | Z572: 0.040858304 | AA572: 위 | AB572: 5일 상승 | AC572: 1) +3% 미만 | AD572: 2) 300억 ~ 500억 | AE572: 1) +2% 미만 | AF572: 1) 2배 미만 | AG572: 양봉
A573: 2025 | B573: 2025-09 | C573: 45910 | D573: 수 | E573: 005290 | F573: 동진쎄미켐 | G573: 33183 | H573: 2 | I573: 66366 | J573: 45922 | K573: 39850 | L573: 익절 | M573: 8 | N573: 13192 | O573: 0.1987792 | P573: 0.25214152 | Q573: -0.0085329452 | R573: 0.045741325 | S573: 32897131800 | T573: 0.02 | U573: 9484043480 | V573: 3.1717822 | W573: 0.034321373 | X573: 0.0015082956 | Y573: 0.0167114 | Z573: 0.040858304 | AA573: 위 | AB573: 5일 상승 | AC573: 2) +3% ~ +5% | AD573: 2) 300억 ~ 500억 | AE573: 2) +2% ~ +5% | AF573: 3) 3배 ~ 5배 | AG573: 양봉
A574: 2025 | B574: 2025-09 | C574: 45910 | D574: 수 | E574: 024110 | F574: 기업은행 | G574: 19910 | H574: 5 | I574: 99549 | J574: 45940 | K574: 18951 | L574: 손절 | M574: 17 | N574: -4966 | O574: -0.049880521 | P574: 0.012059836 | Q574: -0.055745662 | R574: 0.038642298 | S574: 30109044420 | T574: 0.020523345 | U574: 1.2481456e+10 | V574: 2.3287481 | W574: 0.025257732 | X574: 0.0055304173 | Y574: 0.0167114 | Z574: 0.040858304 | AA574: 위 | AB574: 5일 상승 | AC574: 2) +3% ~ +5% | AD574: 2) 300억 ~ 500억 | AE574: 2) +2% ~ +5% | AF574: 2) 2배 ~ 3배 | AG574: 양봉
A575: 2025 | B575: 2025-09 | C575: 45910 | D575: 수 | E575: 119850 | F575: 지엔씨에너지 | G575: 34785 | H575: 2 | I575: 69569 | J575: 45919 | K575: 33067 | L575: 손절 | M575: 7 | N575: -3555 | O575: -0.051103662 | P575: 0.049310402 | Q575: -0.069994753 | R575: 0.1031746 | S575: 26238404500 | T575: 0.062691131 | U575: 12526685430 | V575: 1.852972 | W575: 0.092767296 | X575: 0.011510791 | Y575: 0.0167114 | Z575: 0.040858304 | AA575: 위 | AB575: 5일 상승 | AC575: 4) +10% ~ +15% | AD575: 1) 300억 미만 | AE575: 3) +5% ~ +10% | AF575: 1) 2배 미만 | AG575: 양봉
A576: 2025 | B576: 2025-09 | C576: 45910 | D576: 수 | E576: 074600 | F576: 원익QnC | G576: 19570 | H576: 5 | I576: 97848 | J576: 45919 | K576: 23750 | L576: 익절 | M576: 7 | N576: 20692 | O576: 0.21146767 | P576: 0.21617513 | Q576: -0.010196964 | R576: 0.086111111 | S576: 21437943500 | T576: 0.033298097 | U576: 3.0247004e+09 | V576: 6.4240298 | W576: 0.067722556 | X576: 0.0092071611 | Y576: 0.0167114 | Z576: 0.040858304 | AA576: 위 | AB576: 5일 상승 | AC576: 3) +5% ~ +10% | AD576: 1) 300억 미만 | AE576: 2) +2% ~ +5% | AF576: 4) 5배 ~ 10배 | AG576: 양봉
A577: 2025 | B577: 2025-09 | C577: 45911 | D577: 목 | E577: 475150 | F577: SK이터닉스 | G577: 24625 | H577: 4 | I577: 98498 | J577: 45917 | K577: 23427 | L577: 손절 | M577: 4 | N577: -4962 | O577: -0.05037229 | P577: 0.041641286 | Q577: -0.051761247 | R577: 0.10067114 | S577: 90291471000 | T577: 0.040169133 | U577: 1.3273945e+10 | V577: 6.0122296 | W577: 0.086092715 | X577: 0.0081300813 | Y577: 0.0089514954 | Z577: 0.044791507 | AA577: 위 | AB577: 5일 상승 | AC577: 4) +10% ~ +15% | AD577: 3) 500억 ~ 1,000억 | AE577: 2) +2% ~ +5% | AF577: 4) 5배 ~ 10배 | AG577: 양봉
A578: 2025 | B578: 2025-09 | C578: 45911 | D578: 목 | E578: 272210 | F578: 한화시스템 | G578: 54655 | H578: 1 | I578: 54655 | J578: 45944 | K578: 51948 | L578: 손절 | M578: 18 | N578: -2801 | O578: -0.051240196 | P578: 0.14171543 | Q578: -0.066867199 | R578: 0.018656716 | S578: 61411459200 | T578: 0.0018348624 | U578: 50764941460 | V578: 1.1601736 | W578: 0.012987013 | X578: 0 | Y578: 0.0089514954 | Z578: 0.044791507 | AA578: 위 | AB578: 5일 상승 | AC578: 1) +3% 미만 | AD578: 3) 500억 ~ 1,000억 | AE578: 1) +2% 미만 | AF578: 1) 2배 미만 | AG578: 양봉
A579: 2025 | B579: 2025-09 | C579: 45912 | D579: 금 | E579: 234340 | F579: 헥토파이낸셜 | G579: 18649 | H579: 5 | I579: 93243 | J579: 45916 | K579: 17752 | L579: 손절 | M579: 2 | N579: -4642 | O579: -0.049788562 | P579: -0.0036801631 | Q579: -0.05623094 | R579: 0.13875306 | S579: 138250156050 | T579: 0.085032033 | U579: 4134074573 | V579: 28.575001 | W579: 0.11891892 | X579: 0.04401503 | Y579: 0.015351953 | Z579: 0.059411192 | AA579: 위 | AB579: 5일 상승 | AC579: 4) +10% ~ +15% | AD579: 4) 1,000억 ~ 2,000억 | AE579: 3) +5% ~ +10% | AF579: 5) 10배 이상 | AG579: 양봉
A580: 2025 | B580: 2025-09 | C580: 45912 | D580: 금 | E580: 055550 | F580: 신한지주 | G580: 69369 | H580: 1 | I580: 69369 | J580: 45974 | K580: 83300 | L580: 익절 | M580: 39 | N580: 13783 | O580: 0.19868803 | P580: 0.20946874 | Q580: -0.01829772 | R580: 0.022123894 | S580: 106521584400 | T580: 0.002894356 | U580: 88374020415 | V580: 1.1532692 | W580: 0.0058055152 | X580: 0.0014430014 | Y580: 0.015351953 | Z580: 0.059411192 | AA580: 위 | AB580: 5일 상승 | AC580: 1) +3% 미만 | AD580: 4) 1,000억 ~ 2,000억 | AE580: 1) +2% 미만 | AF580: 1) 2배 미만 | AG580: 양봉
A581: 2025 | B581: 2025-09 | C581: 45912 | D581: 금 | E581: 036620 | F581: 감성코퍼레이션 | G581: 6436 | H581: 15 | I581: 96546 | J581: 45915 | K581: 6124 | L581: 손절 | M581: 1 | N581: -4854 | O581: -0.050280955 | P581: 0.039396063 | Q581: -0.050716003 | R581: 0.11826087 | S581: 57981714820 | T581: 0.055829228 | U581: 5.283007e+09 | V581: 9.8157621 | W581: 0.020634921 | X581: 0.043545879 | Y581: 0.015351953 | Z581: 0.059411192 | AA581: 위 | AB581: 5일 상승 | AC581: 4) +10% ~ +15% | AD581: 3) 500억 ~ 1,000억 | AE581: 3) +5% ~ +10% | AF581: 4) 5배 ~ 10배 | AG581: 양봉
... A639: 2025 | B639: 2025-11 | C639: 45965 | D639: 화 | E639: 308430 | F639: 셀비온 | G639: 17988 | H639: 5 | I639: 89940 | J639: 45966 | K639: 17123 | L639: 손절 | M639: 1 | N639: -4480 | O639: -0.049814455 | P639: 0.0006687803 | Q639: -0.093838827 | R639: 0.10925926 | S639: 31880289480 | T639: 0.011254924 | U639: 4053737248 | V639: 7.3720093 | W639: 0.092401216 | X639: 0.066777963 | Y639: -0.023716978 | Z639: 0.027760254 | AA639: 위 | AB639: 5일 상승 | AC639: 4) +10% ~ +15% | AD639: 2) 300억 ~ 500억 | AE639: 1) +2% 미만 | AF639: 4) 5배 ~ 10배 | AG639: 양봉
A640: 2025 | B640: 2025-11 | C640: 45967 | D640: 목 | E640: 138930 | F640: BNK금융지주 | G640: 14965 | H640: 6 | I640: 89790 | L640: 보유중 | M640: 37 | N640: 5806 | O640: 0.067160264 | P640: 0.54026575 | Q640: -0.063812442 | R640: 0.034602076 | S640: 24154445900 | T640: 0.014246947 | U640: 1.5515829e+10 | V640: 1.4813513 | W640: 0.023972603 | X640: 0.0060200669 | Y640: 0.0055014209 | Z640: -0.014788751 | AA640: 위 | AB640: 5일 하락 | AC640: 2) +3% ~ +5% | AD640: 1) 300억 미만 | AE640: 1) +2% 미만 | AF640: 1) 2배 미만 | AG640: 양봉
A641: 2025 | B641: 2025-11 | C641: 45967 | D641: 목 | E641: 032640 | F641: LG유플러스 | G641: 15405 | H641: 6 | I641: 92432 | J641: 46002 | K641: 14665 | L641: 손절 | M641: 25 | N641: -4599 | O641: -0.049760414 | P641: 0.071053703 | Q641: -0.04773589 | R641: 0.028056112 | S641: 22943119590 | T641: 0.0065402224 | U641: 15707380537 | V641: 1.4251315 | W641: 0.013166557 | X641: 0.00064977258 | Y641: 0.0055014209 | Z641: -0.014788751 | AA641: 위 | AB641: 5일 하락 | AC641: 1) +3% 미만 | AD641: 1) 300억 미만 | AE641: 1) +2% 미만 | AF641: 1) 2배 미만 | AG641: 양봉
A642: 2025 | B642: 2025-11 | C642: 45967 | D642: 목 | E642: 004990 | F642: 롯데지주 | G642: 30731 | H642: 3 | I642: 92192 | J642: 45987 | K642: 29221 | L642: 손절 | M642: 14 | N642: -4688 | O642: -0.050853832 | P642: 0.12265585 | Q642: -0.13278904 | R642: 0.082892416 | S642: 21346416100 | T642: 0.006557377 | U642: 6257897235 | V642: 3.2389498 | W642: 0.069686411 | X642: 0.011400651 | Y642: 0.0055014209 | Z642: -0.014788751 | AA642: 위 | AB642: 5일 하락 | AC642: 3) +5% ~ +10% | AD642: 1) 300억 미만 | AE642: 1) +2% 미만 | AF642: 3) 3배 ~ 5배 | AG642: 양봉
A643: 2025 | B643: 2025-11 | C643: 45972 | D643: 화 | E643: 383220 | F643: F&F | G643: 72673 | H643: 1 | I643: 72673 | J643: 46021 | K643: 69131 | L643: 손절 | M643: 34 | N643: -3667 | O643: -0.050455973 | P643: 0.12834824 | Q643: -0.062920551 | R643: 0.13971743 | S643: 34687191000 | T643: 0.098335855 | U643: 5440617480 | V643: 5.5414123 | W643: 0.10334347 | X643: 0.0055096419 | Y643: 0.0081384844 | Z643: -0.0037241553 | AA643: 위 | AB643: 5일 하락 | AC643: 4) +10% ~ +15% | AD643: 2) 300억 ~ 500억 | AE643: 3) +5% ~ +10% | AF643: 4) 5배 ~ 10배 | AG643: 양봉
A644: 2025 | B644: 2025-11 | C644: 45972 | D644: 화 | E644: 139480 | F644: 이마트 | G644: 76977 | H644: 1 | I644: 76977 | J644: 46006 | K644: 92400 | L644: 익절 | M644: 24 | N644: 15259 | O644: 0.19822951 | P644: 0.21335102 | Q644: 0.0054964541 | R644: 0.029451138 | S644: 31870589800 | T644: 0.019893899 | U644: 10386435115 | V644: 2.9262406 | W644: 0.039189189 | X644: 0.022106632 | Y644: 0.0081384844 | Z644: -0.0037241553 | AA644: 위 | AB644: 5일 하락 | AC644: 1) +3% 미만 | AD644: 2) 300억 ~ 500억 | AE644: 1) +2% 미만 | AF644: 2) 2배 ~ 3배 | AG644: 양봉
A645: 2025 | B645: 2025-11 | C645: 45972 | D645: 화 | E645: 124500 | F645: 아이티센글로벌 | G645: 22072 | H645: 4 | I645: 88288 | J645: 45974 | K645: 20979 | L645: 손절 | M645: 2 | N645: -4524 | O645: -0.051240196 | P645: 0.064694942 | Q645: -0.09523583 | R645: 0.025581395 | S645: 25192764450 | T645: 0.013793103 | U645: 1.9329143e+10 | V645: 1.1724415 | W645: 0.0022727273 | X645: 0.020408163 | Y645: 0.0081384844 | Z645: -0.0037241553 | AA645: 위 | AB645: 5일 하락 | AC645: 1) +3% 미만 | AD645: 1) 300억 미만 | AE645: 1) +2% 미만 | AF645: 1) 2배 미만 | AG645: 양봉
A646: 2025 | B646: 2025-11 | C646: 45973 | D646: 수 | E646: 120110 | F646: 코오롱인더 | G646: 41191 | H646: 2 | I646: 82382 | J646: 45985 | K646: 39211 | L646: 손절 | M646: 8 | N646: -4103 | O646: -0.049798959 | P646: 0.12402786 | Q646: -0.048339267 | R646: 0.1398892 | S646: 26067084750 | T646: 0.090066225 | U646: 4506631155 | V646: 5.0745117 | W646: 0.14305556 | X646: 0 | Y646: 0.010715008 | Z646: 0.03645222 | AA646: 위 | AB646: 5일 상승 | AC646: 4) +10% ~ +15% | AD646: 1) 300억 미만 | AE646: 3) +5% ~ +10% | AF646: 4) 5배 ~ 10배 | AG646: 양봉
A647: 2025 | B647: 2025-11 | C647: 45974 | D647: 목 | E647: 358570 | F647: 지아이이노베이션 | G647: 17568 | H647: 5 | I647: 87838 | J647: 45985 | K647: 16723 | L647: 손절 | M647: 7 | N647: -4373 | O647: -0.049780334 | P647: 0.11797035 | Q647: -0.054506747 | R647: 0.030534351 | S647: 25323070500 | T647: 0.025715956 | U647: 1.206171e+10 | V647: 1.8892601 | W647: 0.010362694 | X647: 0.034188034 | Y647: 0.0048766501 | Z647: 0.035808218 | AA647: 위 | AB647: 5일 상승 | AC647: 2) +3% ~ +5% | AD647: 1) 300억 미만 | AE647: 2) +2% ~ +5% | AF647: 1) 2배 미만 | AG647: 양봉
A648: 2025 | B648: 2025-11 | C648: 45974 | D648: 목 | E648: 030200 | F648: KT | G648: 50751 | H648: 1 | I648: 50751 | L648: 보유중 | M648: 32 | N648: 1826 | O648: 0.038409322 | P648: 0.36746882 | Q648: -0.036466492 | R648: 0.025278059 | S648: 23429991000 | T648: 0.0019762846 | U648: 18299946475 | V648: 1.2473345 | W648: 0.028397566 | X648: 0 | Y648: 0.0048766501 | Z648: 0.035808218 | AA648: 위 | AB648: 5일 상승 | AC648: 1) +3% 미만 | AD648: 1) 300억 미만 | AE648: 1) +2% 미만 | AF648: 1) 2배 미만 | AG648: 양봉
A649: 2025 | B649: 2025-11 | C649: 45975 | D649: 금 | E649: 424870 | F649: 이뮨온시아 | G649: 6163 | H649: 16 | I649: 98615 | J649: 45985 | K649: 7400 | L649: 익절 | M649: 6 | N649: 19575 | O649: 0.1984998 | P649: 0.24094655 | Q649: 0.0068056943 | R649: 0.033925687 | S649: 89562208000 | T649: 0.028938907 | U649: 1.9539972e+10 | V649: 4.3573878 | W649: 0.01910828 | X649: 0.053125 | Y649: -0.038138123 | Z649: 0.014621525 | AA649: 아래 | AB649: 5일 상승 | AC649: 2) +3% ~ +5% | AD649: 3) 500억 ~ 1,000억 | AE649: 2) +2% ~ +5% | AF649: 3) 3배 ~ 5배 | AG649: 양봉
A650: 2025 | B650: 2025-11 | C650: 45978 | D650: 월 | E650: 032350 | F650: 롯데관광개발 | G650: 20621 | H650: 4 | I650: 82482 | J650: 45980 | K650: 19630 | L650: 손절 | M650: 2 | N650: -4103 | O650: -0.049743129 | P650: 0.07659331 | Q650: -0.082955879 | R650: 0.12629852 | S650: 67702909400 | T650: 0.054787506 | U650: 18960413842 | V650: 3.2161414 | W650: 0.098666667 | X650: 0.0048543689 | Y650: 0.01936399 | Z650: 0.003930532 | AA650: 위 | AB650: 5일 상승 | AC650: 4) +10% ~ +15% | AD650: 3) 500억 ~ 1,000억 | AE650: 3) +5% ~ +10% | AF650: 3) 3배 ~ 5배 | AG650: 양봉
A651: 2025 | B651: 2025-11 | C651: 45978 | D651: 월 | E651: 095340 | F651: ISC | G651: 83283 | H651: 1 | I651: 83283 | J651: 45986 | K651: 100000 | L651: 익절 | M651: 6 | N651: 16539 | O651: 0.19859116 | P651: 0.36281987 | Q651: -0.04662645 | R651: 0.12432432 | S651: 32163206400 | T651: 0.020858896 | U651: 16028565945 | V651: 1.8897935 | W651: 0.094736842 | X651: 0.0036057692 | Y651: 0.01936399 | Z651: 0.003930532 | AA651: 위 | AB651: 5일 상승 | AC651: 4) +10% ~ +15% | AD651: 2) 300억 ~ 500억 | AE651: 2) +2% ~ +5% | AF651: 1) 2배 미만 | AG651: 양봉
A652: 2025 | B652: 2025-11 | C652: 45978 | D652: 월 | E652: 012510 | F652: 더존비즈온 | G652: 94695 | H652: 1 | I652: 94695 | J652: 46002 | K652: 90110 | L652: 손절 | M652: 18 | N652: -4748 | O652: -0.050136812 | P652: 0.05180232 | Q652: -0.051688269 | R652: 0.032751092 | S652: 21273269600 | T652: 0.0042462845 | U652: 31479935395 | V652: 0.63492503 | W652: 0.027144408 | X652: 0.0095137421 | Y652: 0.01936399 | Z652: 0.003930532 | AA652: 위 | AB652: 5일 상승 | AC652: 2) +3% ~ +5% | AD652: 1) 300억 미만 | AE652: 1) +2% 미만 | AF652: 1) 2배 미만 | AG652: 양봉
A653: 2025 | B653: 2025-11 | C653: 45981 | D653: 목 | E653: 078520 | F653: 에이블씨엔씨 | G653: 10821 | H653: 9 | I653: 97387 | J653: 45982 | K653: 10300 | L653: 손절 | M653: 1 | N653: -4858 | O653: -0.049879594 | P653: 0.011939032 | Q653: -0.097110105 | R653: 0.16612729 | S653: 23233770850 | T653: 0.022705771 | U653: 3.0751804e+09 | V653: 6.8051452 | W653: 0.16111708 | X653: 0.0083256244 | Y653: 0.019172874 | Z653: -0.03974939 | AA653: 아래 | AB653: 5일 하락 | AC653: 5) +15% ~ +20% | AD653: 1) 300억 미만 | AE653: 2) +2% ~ +5% | AF653: 4) 5배 ~ 10배 | AG653: 양봉
A654: 2025 | B654: 2025-11 | C654: 45985 | D654: 월 | E654: 445680 | F654: 큐리옥스바이오시스템즈 | G654: 80580 | H654: 1 | I654: 80580 | J654: 45992 | K654: 96700 | L654: 익절 | M654: 5 | N654: 15948 | O654: 0.19791212 | P654: 0.20500617 | Q654: 0.0014829891 | R654: 0.050913838 | S654: 35245234500 | T654: 0.0087719298 | U654: 21295147575 | V654: 1.5098491 | W654: 0.038709677 | X654: 0.059627329 | Y654: -0.0018685477 | Z654: -0.059470563 | AA654: 아래 | AB654: 5일 하락 | AC654: 3) +5% ~ +10% | AD654: 2) 300억 ~ 500억 | AE654: 1) +2% 미만 | AF654: 1) 2배 미만 | AG654: 양봉
A655: 2025 | B655: 2025-11 | C655: 45989 | D655: 금 | E655: 200710 | F655: 에이디테크놀로지 | G655: 27828 | H655: 3 | I655: 83483 | J655: 46007 | K655: 26474 | L655: 손절 | M655: 12 | N655: -4206 | O655: -0.050386859 | P655: 0.13914862 | Q655: -0.053105168 | R655: 0.15592516 | S655: 42313379200 | T655: 0.053030303 | U655: 6152742105 | V655: 5.8955357 | W655: 0.13934426 | X655: 0.019784173 | Y655: -0.015129511 | Z655: 0.019030639 | AA655: 아래 | AB655: 5일 상승 | AC655: 5) +15% ~ +20% | AD655: 2) 300억 ~ 500억 | AE655: 3) +5% ~ +10% | AF655: 4) 5배 ~ 10배 | AG655: 양봉
A656: 2025 | B656: 2025-12 | C656: 45994 | D656: 수 | E656: 319400 | F656: 현대무벡스 | G656: 10440 | H656: 9 | I656: 93964 | J656: 45996 | K656: 9930 | L656: 손절 | M656: 2 | N656: -4755 | O656: -0.050603343 | P656: 0.057427711 | Q656: -0.071877308 | R656: 0.047188755 | S656: 157272509800 | T656: 0.047188755 | U656: 30662875096 | V656: 4.5410715 | W656: 0.044044044 | X656: 0.058485139 | Y656: 0.010355626 | Z656: 0.019043796 | AA656: 위 | AB656: 5일 상승 | AC656: 2) +3% ~ +5% | AD656: 4) 1,000억 ~ 2,000억 | AE656: 2) +2% ~ +5% | AF656: 3) 3배 ~ 5배 | AG656: 양봉
A657: 2025 | B657: 2025-12 | C657: 45994 | D657: 수 | E657: 083650 | F657: 비에이치아이 | G657: 50150 | H657: 1 | I657: 50150 | J657: 45996 | K657: 60200 | L657: 익절 | M657: 2 | N657: 9943 | O657: 0.19826576 | P657: 0.21236049 | Q657: -0.0079780499 | R657: 0.068230277 | S657: 73759374300 | T657: 0.068230277 | U657: 33842083740 | V657: 1.8873867 | W657: 0.039419087 | X657: 0.01996008 | Y657: 0.010355626 | Z657: 0.019043796 | AA657: 위 | AB657: 5일 상승 | AC657: 3) +5% ~ +10% | AD657: 3) 500억 ~ 1,000억 | AE657: 3) +5% ~ +10% | AF657: 1) 2배 미만 | AG657: 양봉
A658: 2025 | B658: 2025-12 | C658: 45994 | D658: 수 | E658: 256840 | F658: 한국비엔씨 | G658: 5736 | H658: 17 | I658: 97507 | J658: 46001 | K658: 5455 | L658: 손절 | M658: 5 | N658: -4948 | O658: -0.050743384 | P658: 0.056535088 | Q658: -0.062020004 | R658: 0.051376147 | S658: 33272499870 | T658: 0.007029877 | U658: 2.5170571e+10 | V658: 1.2688348 | W658: 0.049450549 | X658: 0.038394415 | Y658: 0.010355626 | Z658: 0.019043796 | AA658: 위 | AB658: 5일 상승 | AC658: 3) +5% ~ +10% | AD658: 2) 300억 ~ 500억 | AE658: 1) +2% 미만 | AF658: 1) 2배 미만 | AG658: 양봉
A659: 2025 | B659: 2025-12 | C659: 45994 | D659: 수 | E659: 264850 | F659: 이랜시스 | G659: 6206 | H659: 16 | I659: 99299 | J659: 45995 | K659: 5904 | L659: 손절 | M659: 1 | N659: -5005 | O659: -0.050398421 | P659: 0.018336502 | Q659: -0.049337759 | R659: 0.09540636 | S659: 32913214600 | T659: 0.083916084 | U659: 3877885166 | V659: 7.3571997 | W659: 0.089630931 | X659: 0.029032258 | Y659: 0.010355626 | Z659: 0.019043796 | AA659: 위 | AB659: 5일 상승 | AC659: 3) +5% ~ +10% | AD659: 2) 300억 ~ 500억 | AE659: 3) +5% ~ +10% | AF659: 4) 5배 ~ 10배 | AG659: 양봉
A660: 2025 | B660: 2025-12 | C660: 45994 | D660: 수 | E660: 475400 | F660: 씨메스로보틱스 | G660: 34234 | H660: 2 | I660: 68468 | J660: 46009 | K660: 32567 | L660: 손절 | M660: 11 | N660: -3451 | O660: -0.050407818 | P660: 0.19617225 | Q660: -0.050656945 | R660: 0.057187017 | S660: 26810337600 | T660: 0.033232628 | U660: 11188576345 | V660: 2.18497 | W660: 0.042682927 | X660: 0.016081871 | Y660: 0.010355626 | Z660: 0.019043796 | AA660: 위 | AB660: 5일 상승 | AC660: 3) +5% ~ +10% | AD660: 1) 300억 미만 | AE660: 2) +2% ~ +5% | AF660: 2) 2배 ~ 3배 | AG660: 양봉
A661: 2025 | B661: 2025-12 | C661: 45994 | D661: 수 | E661: 003490 | F661: 대한항공 | G661: 22422 | H661: 4 | I661: 89690 | L661: 보유중 | M661: 18 | N661: 36020 | O661: 0.40484515 | P661: 0.43160411 | Q661: -0.036677608 | R661: 0.013574661 | S661: 23100291200 | T661: 0.0044843049 | U661: 2.1896505e+10 | V661: 1.0254527 | W661: 0.009009009 | X661: 0 | Y661: 0.010355626 | Z661: 0.019043796 | AA661: 위 | AB661: 5일 상승 | AC661: 1) +3% 미만 | AD661: 1) 300억 미만 | AE661: 1) +2% 미만 | AF661: 1) 2배 미만 | AG661: 양봉
...
